ma_buucuc,ma_cn,ma_quanhuyen,ten_quanhuyen
DAHTPG,HNI,14,Huyện Mê Linh
HPTHH,LDG,6733,HUYỆN ĐỨC TRỌNG
NDMT,CNTCT,5574,QUẬN CẨM LỆ
PKDHUE,HUE,,
PKDTHA,THA,,
DVCBN1,LOG,1280,QUẬN BẮC TỪ LIÊM
VPCPSN,VPC,,
CH0329,NBH,,
LGHG,VTU,,
THHDA,HCM,,
NVQ,HCM,,
THA001,THA,,
KHXN,DLK,6310,THÀNH PHỐ BUÔN MA THUỘT
HCM003,HCM,,
MGHM,LCI,,
KDQTTTKDCP,FFM,,
HBLADH,LAN,8537,HUYỆN ĐỨC HÒA
HBKGPQ,KGG,9222,HUYỆN PHÚ QUỐC
NTNDHI,NTN,6610,THÀNH PHỐ PHAN RANG-THÁP CHÀM
YMO,NBH,4336,HUYỆN YÊN MÔ
NOQ,NBH,4326,HUYỆN NHO QUAN
VPCUQ03,VPC,,
TDP,NBH,4333,THÀNH PHỐ TAM ĐIỆP
HBKGRG,KGG,9210,THÀNH PHỐ RẠCH GIÁ
CMUCM,CMU,9739,HUYỆN NĂM CĂN
TNTHBH,BTE,,
PLO,HNI,1390,HUYỆN SÓC SƠN
HCM004,HCM,,
DGQT,QNI,5718,HUYỆN BÌNH SƠN
HCC,HNI,1280,QUẬN BẮC TỪ LIÊM
TNMY,BGG,2310,THÀNH PHỐ BẮC GIANG
HBBPTT,BPC,8310,THÀNH PHỐ ĐỒNG XOÀI
TCLU,YBN,3226,Huyện Lục Yên
EAKNP,DLK,6334,HUYỆN EA KAR
HBHPQT,HPG,181008,Phường Hạ Lý
LHDM,HNI,1270,QUẬN HOÀNG MAI
VHVN,HUG,,
QBHLELI,QBH,5110,TP Đồng Hới
PKDDNG,DNG,,
DGG,HNI,,
TNKI,HCM,,
BMY,HCM,7330,"Huyện Củ Chi,"
NUTH,THA,4546,huyện như thanh
CUACM,CMU,9739,HUYỆN NĂM CĂN
HBTNTP,TNN,2568,THỊ XÃ PHỔ YÊN
BCQTBNH,BNH,2214,HUYỆN YÊN PHONG
HBLCBT,LCI,3341,HUYỆN BẢO THẮNG
PCLI,HNI,1250,QUẬN LONG BIÊN
NGG,PHO,2910,TP Việt Trì
ECODRM,HNI,,
HAGTHA2,HNI,,
NAT,HNI,1220,QUẬN CẦU GIẤY
HN03,HNI,1510,QUẬN HÀ ĐÔNG
GAMUDA,HNI,1270,QUẬN HOÀNG MAI
HN06,HNI,1250,QUẬN LONG BIÊN
HN08,HNI,1200,QUẬN THANH XUÂN
HNITHO,HNI,1240,QUẬN TÂY HỒ
KGMI,HNI,,
TT3HCM,HCM,7360,QUẬN TÂN BÌNH
HBGLPL,GLI,6010,THÀNH PHỐ PLEIKU
DLKVC,DLK,,
NBNSN,NBH,4310,THÀNH PHỐ NINH BÌNH
NBHG,NBH,4310,THÀNH PHỐ NINH BÌNH
HOHA,THA,4422,HUYỆN HOẰNG HÓA
BCVH,NAN,4610,THÀNH PHỐ VINH
PKDQBH,QBH,,
CHNTNN,AGG,,
BDG003,BDG,,
TLG,HNI,1360,Huyện đông anh
HBHGBQ,HGG,3148,HUYỆN BẮC QUANG
NCLM,HNI,,
TGGDBL,TGG,,
HBQBNT,QBH,,
TN2,CNTCT,1260,QUẬN NAM TỪ LIÊM
TOX,THA,4497,HUYỆN THỌ XUÂN
HBHPBH,HPG,,
NCU,NBH,4310,THÀNH PHỐ NINH BÌNH
LSNCLC,LSN,2418,huyện Cao Lộc
NMT,NBH,4310,THÀNH PHỐ NINH BÌNH
HBHDDG,HDG,,
TMY,HCM,,
HBHKSN,HBH,3515,HUYỆN KỲ SƠN
HNM01,HNM,4010,THÀNH PHỐ PHỦ LÝ
TGGDHP,TGG,8620,HUYỆN CHỢ GẠO
TUB,KHA,6535,HUYỆN VẠN NINH
LOGYVN,LOG,,
KMBI,HNI,1567,HUYỆN THANH OAI
MNE,BTN,8010,THÀNH PHỐ PHAN THIẾT
TTTK3K2,LOG,,
HBDBTG,DBN,3825,HUYỆN TUẦN GIÁO
HPP,DNI,8158,Nhơn Trạch
LOGBN,LOG,,
HBHBTH,HBH,,
XTT,HCM,,
LOGKHA,LOG,6537,HUYỆN DIÊN KHÁNH
KTTQG,TQG,,
BNH001,BNH,,
LOCY,HNI,,
KDDATTKDCP,CNTCT,1220,Cầu Giấy
VEHUG,BNH,,
TAHTI,HNI,,
LMKT1,LOG,,
VLGTA,VLG,,
ACU,HUE,5310,THÀNH PHỐ HUẾ
VNBH,HNI,,
VNTG,HNI,,
BOHA,LCI,,
LGHOA,CTO,9010,QUẬN NINH KIỀU
MLG,HNI,,
VPCTLU,VPC,2818,huyện Lập Thạch
LCI01,LCI,3334,THÀNH PHỐ LÀO CAI
HBCMLVL,CMU,9710,THÀNH PHỐ CÀ MAU
HGLU,VPC,2815,HUYỆN TAM DƯƠNG
PUKE,THA,,
VGXN,HNI,,
PTCLD,CNTCT,,
PDTTT,CNTCT,,
PKDHDG,HDG,,
PKDVPC,VPC,,
QNH004,QNH,,
PKDSLA,SLA,,
PKDLSN,LSN,,
KHETG,DNG,5574,QUẬN CẨM LỆ
CN-LSN,LSN,2410,Thành phố Lạng Sơn
PKDHNI,HNI,,
CTYHNI,HNI,1260,QUẬN NAM TỪ LIÊM
PKDHTH,HTH,,
PKDHCM,HCM,,
PKDKGG,KGG,,
PKDHUG,HUG,,
PKDCTO,CTO,,
PKDCMU,CMU,,
PKDLAN,LAN,,
PKDBTE,BTE,,
PKDKHA,KHA,,
PKDQNM,QNM,,
BHKH,AGG,,
HLAM,HCM,7560,QUẬN 7
HBHCPN,HCM,7250,QUẬN PHÚ NHUẬN
PKDQNH,QNH,,
DNTH,NAN,4638,HUYỆN DIỄN CHÂU
VPCUQ02,VPC,,
PKDNDH,NDH,,
PKDHYN,HYN,,
PKDHPG,HPG,,
HBHCTD,HCM,7200,QUẬN THỦ ĐỨC
HCM01,HCM,7600,QUẬN TÂN PHÚ
HCM11,HCM,7100,QUẬN 1
HITH,HCM,,
PKDHNM,HNM,,
PKDHGG,HGG,,
PKDBKN,BKN,,
HNI042,HNI,,
TN7,HNI,,
DGTYTM,HCM,7170,QUẬN BÌNH THẠNH
HBQTMT,QTI,,
NUA,THA,,
TITY,HNI,,
HPDG,HNI,,
GELEXC,HNI,1529,HUYỆN HOÀI ĐỨC
PXDG,CNTCT,,
PKSTT,CNTCT,,
PKDVLG,VLG,,
PKDSTG,STG,,
PKDDTP,DTP,,
PKDBLU,BLU,,
PKDVTU,VTU,,
PKDBPC,BPC,,
PKDPYN,PYN,,
PKDNTN,NTN,,
PKDBDH,BDG,,
PKDKTM,KTM,,
PTHN,HCM,,
HCM05,HCM,7400,QUẬN 10
HCM06,HCM,7620,QUẬN BÌNH TÂN
HBHCBH,HCM,7170,QUẬN BÌNH THẠNH
AHI,HCM,7270,QUẬN GÒ VẤP
HCM04,HCM,7200,QUẬN THỦ ĐỨC
PULG,HNI,1510,QUẬN HÀ ĐÔNG
CKI,HNI,1250,QUẬN LONG BIÊN
VTTBNAN,NAN,4610,THÀNH PHỐ VINH
PKDNBH,NBH,,
PKDNAN,NAN,,
PKDTBH,TBH,,
PKDBNH,BNH,,
PKDHBH,HBH,,
PKDYBN,YBN,,
PKDPHO,PHO,,
PKDLCU,LCU,,
PKDLCI,LCI,,
PKDDBN,DBN,,
PKDTQG,TQG,,
PKDTNN,TNN,,
PKDCBG,CBG,,
PKDBGG,BGG,,
TTQU10,HCM,7400,QUẬN 10
NNKE,HNI,1360,HUYỆN ĐÔNG ANH
QNH005,QNH,,
VPCLCG,VPC,,
BDGBHA,BDG,8239,THÀNH PHỐ THUẬN AN
HQVT,HCM,7560,QUẬN 7
VNCH,HNI,,
TGTU,HNI,,
QDG,HNI,,
HGMH,HNI,,
HASN,DNG,,
HBHBCB,HBH,,
PKDTNH,TNH,,
HBBKBK,BKN,2610,THÀNH PHỐ BẮC KẠN
NMA,HPG,1862,HUYỆN VĨNH BẢO
PKDTGG,TGG,,
PHO01,PHO,2910,THÀNH PHỐ VIỆT TRÌ
HBNDYD,NDH,,
HBBLLD,BLU,9610,THÀNH PHỐ BẠC LIÊU
SNM,TQG,3028,HUYỆN SƠN DƯƠNG
HNIHMI,HNI,1270,QUẬN HOÀNG MAI
RSI,KGG,9230,HUYỆN CHÂU THÀNH
VPCTTN,VPC,,
KST,HDG,1751,HUYỆN BÌNH GIANG
DSHDG,LOG,,
HN05,HNI,1360,HUYỆN ĐÔNG ANH
TT2HCM,HCM,7620,QUẬN BÌNH TÂN
TT4HCM,HCM,7560,QUẬN 7
BCLY,BGG,2366,HUYỆN HIỆP HÒA
TKDG,DTP,8731,THÀNH PHỐ SA ĐÉC
DSHYN,LOG,,
DSBNH,LOG,,
DSVPC,LOG,,
DSBPC,LOG,,
DSTNH,LOG,,
DSHCM,LOG,,
BTEPCLG,BTE,9326,HUYỆN GIỒNG TRÔM
BCQTBDG,BDG,8239,THÀNH PHỐ THUẬN AN
GPSN,BGG,2330,HUYỆN LỤC NGẠN
DVCBN2,LOG,,
BCQTHNI,HNI,1220,QUẬN CẦU GIẤY
GDSK,HNI,,
HGBG,HCM,,
PKDDNI,DNI,,
PKDDKG,DKG,,
PKDTVH,TVH,,
PKDAGG,AGG,,
PKDBDG,BDG,,
PKDLDG,LDG,,
PKDGLI,GLI,,
PKDDLK,DLK,,
PKDBTN,BTN,,
PKDQTI,QTI,,
PKDQNI,QNI,,
BTEVTH,BTE,9317,HUYỆN CHỢ LÁCH
DGKE,DNG,5568,QUẬN NGŨ HÀNH SƠN
BHDH,BDH,5910,THÀNH PHỐ QUI NHƠN
TTKT5,LOG,1420,HUYỆN MÊ LINH
PVCH,HCM,,
PYNHVG,PYN,6210,THÀNH PHỐ TUY HÒA
HCM68,HCM,7360,QUẬN TÂN BÌNH
TVHLT,TVH,9439,HUYỆN DUYÊN HẢI
NNDC,HCM,,
BCQTHCM,HCM,7360,QUẬN TÂN BÌNH
MTT,HNI,1260,QUẬN NAM TỪ LIÊM
NBHNSN,NBH,4310,THÀNH PHỐ NINH BÌNH
TNTY,BTE,9313,HUYỆN CHÂU THÀNH
HBLCLC,LCI,3334,THÀNH PHỐ LÀO CAI
VLGLHO,VLG,8913,HUYỆN LONG HỒ
HCM02,HCM,7270,QUẬN GÒ VẤP
2211,QNH,,
HNI039,HNI,,
QTI01,QTI,5210,THÀNH PHỐ ĐÔNG HÀ
TYPG,HNI,,
DVCMBC,LOG,1280,QUẬN BẮC TỪ LIÊM
2306,QNH,,
8753,NBH,,
11116,HNI,,
HCM08,HCM,,
DVCMNM,LOG,7290,QUẬN 12
DPC,BNH,2210,THÀNH PHỐ BẮC NINH
BAHN,VPC,2812,HUYỆN BÌNH XUYÊN
LIXA,HNI,1529,HUYỆN HOÀI ĐỨC
DNITHP,DNI,8110,THÀNH PHỐ BIÊN HÒA
16308,BNH,,
FFMTNN,FFM,,
TTA,HNI,,
LCI02,LCI,,
HNI040,HNI,,
VTUCLH,VTU,7910,THÀNH PHỐ VŨNG TÀU
CTO001,CTO,,
TGGHVG,TGG,8610,THÀNH PHỐ MỸ THO
TMI,HNI,1270,QUẬN HOÀNG MAI
PVN,HNI,1270,QUẬN HOÀNG MAI
NANMSN,NAN,4714,HUYỆN ĐÔ LƯƠNG
NMS,BNH,2210,THÀNH PHỐ BẮC NINH
HGLC,NAN,4610,THÀNH PHỐ VINH
KTAGG,AGG,8810,THÀNH PHỐ LONG XUYÊN
VLGABH,VLG,,
OPK,HNI,1310,HUYỆN GIA LÂM
HNI037,HNI,,
DCT,HNI,1270,QUẬN HOÀNG MAI
VLG01,VLG,8913,HUYỆN LONG HỒ
CUL,VLG,8913,HUYỆN LONG HỒ
HNN,BDH,5932,HUYỆN HOÀI NHƠN
DNI,DNI,8110,THÀNH PHỐ BIÊN HÒA
QNN,BDH,5910,THÀNH PHỐ QUI NHƠN
HCM03,HCM,7100,QUẬN 1
MATH,NAN,4662,HUYỆN YÊN THÀNH
CPHA,BDG,8231,THỊ XÃ BẾN CÁT
BDGKHL,BDG,8239,THÀNH PHỐ THUẬN AN
HAQY,DNG,,
DVCMN,LOG,,
ANN,BDH,5920,THỊ XÃ AN NHƠN
XPN,FFM,7380,HUYỆN BÌNH CHÁNH
TTKV4,LOG,,
VCH,BDH,5945,HUYỆN VÂN CANH
7109,NDH,,
HBNDNP,NDH,,
TNHTTC,TNH,8433,THỊ XÃ TRẢNG BÀNG
HNMNT,HNM,4027,HUYỆN KIM BẢNG
LIYN,HNI,1529,HUYỆN HOÀI ĐỨC
HNI038,HNI,1280,QUẬN BẮC TỪ LIÊM
VHTH,KHA,6510,THÀNH PHỐ NHA TRANG
HBPTTM,PHO,2910,THÀNH PHỐ VIỆT TRÌ
TOQN,DNG,,
ABH,CTO,9010,QUẬN NINH KIỀU
HBHCQ5,HCM,7400,QUẬN 10
HBHUHU,HUE,5310,THÀNH PHỐ HUẾ
SDU,KHA,6552,Huyện Cam Lâm
HGHM,HNI,,
HGMI,HNI,,
KHNI,LOG,,
HBTHNS,THA,4437,HUYỆN NGA SƠN
HBDBMC,DBN,3833,HUYỆN MƯỜNG CHÀ
NNN,HNI,1200,QUẬN THANH XUÂN
LBNG,HNI,1250,QUẬN LONG BIÊN
TTT,HNI,1553,HUYỆN THẠCH THẤT
LCN,BPC,8325,HUYỆN LỘC NINH
MCI,QNH,2068,THÀNH PHỐ MÓNG CÁI
CHSMC,LCI,3316,HUYỆN SI MA CAI
CH0265,NDH,,
PNVDT,CNTCT,,
HBLSTD,LSN,2431,HUYỆN TRÀNG ĐỊNH
HBYBMC,YBN,3261,HUYỆN MÙ CĂNG CHẢI
MTO,TGG,8610,THÀNH PHỐ MỸ THO
TNANG,LAN,8510,THÀNH PHỐ TÂN AN
KTBDH,BDH,5910,THÀNH PHỐ QUI NHƠN
CDN,HNI,1260,QUẬN NAM TỪ LIÊM
CHKGSX,KGG,9216,HUYỆN HÒN ĐẤT
HBQNTU,QNI,5710,THÀNH PHỐ QUẢNG NGÃI
CH0536,NTN,6629,HUYỆN BÁC ÁI
CH0227,HNM,,
VQN,HNI,1510,QUẬN HÀ ĐÔNG
HBCBQH,CBG,2779,HUYỆN QUẢNG HÒA
CH0623,TGG,,
KCG,HUG,9118,HUYỆN PHỤNG HIỆP
CH0221,HDG,1738,THỊ XÃ KINH MÔN
HBHCLG,HCM,7150,QUẬN 9
TNH,TNH,8410,THÀNH PHỐ TÂY NINH
XAN,BTN,8010,THÀNH PHỐ PHAN THIẾT
HBYBTY,YBN,3233,HUYỆN TRẤN YÊN
CH0637,TNH,,
CH0303,NAN,,
LCI,LCI,3334,THÀNH PHỐ LÀO CAI
HBYBLY,YBN,3226,HUYỆN LỤC YÊN
CH0062,TNN,,
HBCMTB,CMU,9718,HUYỆN THỚI BÌNH
HBDNTN,DNI,8137,HUYỆN THỐNG NHẤT
HBHCLT,HCM,7200,QUẬN THỦ ĐỨC
CH0584,DKG,6413,HUYỆN ĐẮK RLẤP
QBTN,HCM,7380,HUYỆN BÌNH CHÁNH
CH0574,BTE,,
CH0184,SLA,3668,HUYỆN SÔNG MÃ
BOH,BGG,2347,HUYỆN YÊN THẾ
CH0150,LCI,,
NBE,HCM,7580,HUYỆN NHÀ BÈ
CVI,HNI,1180,QUẬN BA ĐÌNH
VSIP,BDG,8239,THÀNH PHỐ THUẬN AN
BHH,HCM,7620,QUẬN BÌNH TÂN
CH0675,BLU,,
HBPTPT,PHO,2935,THI XÃ PHÚ THỌ
CH0259,NDH,,
QTM,SLA,3610,THÀNH PHỐ SƠN LA
PCNTT,CNTCT,1220,QUẬN CẦU GIẤY
PMI,HNI,1150,QUẬN ĐỐNG ĐA
HBNAKS,NAN,4738,HUYỆN KỲ SƠN
CH0072,TQG,,
HBHTCX,HTH,4876,HUYỆN CẨM XUYÊN
HBTNCG,TNH,,
LSN002,LSN,,
HBHDCH,HDG,,
LOGTTI,LOG,,
CH0341,QBH,5115,HUYỆN BỐ TRẠCH
STN,BDG,8246,THÀNH PHỐ DĨ AN
PCTN,DNI,8110,THÀNH PHỐ BIÊN HÒA
12114,HNI,,
SDC,DTP,8731,THÀNH PHỐ SA ĐÉC
NCH,HNI,1200,QUẬN THANH XUÂN
HBHNBG,HNI,1310,HUYỆN GIA LÂM
KTDTG,LDG,6733,HUYỆN ĐỨC TRỌNG
KHALHP,KHA,6510,THÀNH PHỐ NHA TRANG
CH0732,KGG,,
VCG,BNH,2210,THÀNH PHỐ BẮC NINH
TQG,TQG,3010,THÀNH PHỐ TUYÊN QUANG
CH0522,LDG,6755,HUYỆN CÁT TIÊN
CH0346,THA,,
HBDTCH,DTP,8740,HUYỆN CAO LÃNH
13924,HNI,,
HBBKBB,BKN,2627,HUYỆN BA BỂ
HAGBHA,HNI,1567,HUYỆN THANH OAI
CH0380,HUE,,
CH0422,QNM,5630,HUYỆN QUẾ SƠN
MYDG,HPG,1830,HUYỆN THỦY NGUYÊN
OSSLA,SLA,3610,THÀNH PHỐ SƠN LA
CH0054,LSN,,
D00093,DNG,,
PRI,BTN,8023,HUYỆN TUY PHONG
HTHVQG,HTH,4866,HUYỆN VŨ QUANG
CH0014,BKN,2623,HUYỆN NGÂN SƠN
QNISHA,QNI,5726,HUYỆN SƠN HÀ
GLIKBG,GLI,6026,HUYỆN KBANG
HNI007,HNI,,
MTH,HNI,1260,QUẬN NAM TỪ LIÊM
HBBPBD,BPC,8317,HUYỆN BÙ ĐĂNG
HBDTTH,DTP,8719,HUYỆN TÂN HỒNG
HBDTHN,DTP,8741,THỊ XÃ HỒNG NGỰ
CH0094,HCM,,
11310,HNI,,
BHDG,BGG,2361,HUYỆN VIỆT YÊN
LTTO,HNI,1100,QUẬN HOÀN KIẾM
NHHA,KHA,6529,THỊ XÃ NINH HÒA
4813,HPG,,
TTHPH,LOG,,
OSHTH,HTH,4810,THÀNH PHỐ HÀ TĨNH
HBHDHD,HDG,1710,THÀNH PHỐ HẢI DƯƠNG
MNN,HUG,9125,HUYỆN CHÂU THÀNH A
CH0497,GLI,6010,THÀNH PHỐ PLEIKU
CH0528,LDG,,
HBDLKA,DLK,6366,HUYỆN KRÔNG A NA
HBKGKL,KGG,9218,HUYỆN KIÊN LƯƠNG
TTU,HNI,1340,HUYỆN THANH TRÌ
CH0672,BLU,,
HBNAQP,NAN,4711,HUYỆN QUẾ PHONG
OSNAN,NAN,4610,THÀNH PHỐ VINH
CH0666,AGG,,
CH0792,HNI,1510,QUẬN HÀ ĐÔNG
OSLAN,LAN,8510,THÀNH PHỐ TÂN AN
CH0362,THA,,
DDA,HNI,1150,QUẬN ĐỐNG ĐA
HBYBYH,YBN,3219,HUYỆN YÊN BÌNH
CHKGAT,KGG,9222,HUYỆN PHÚ QUỐC
HNIHAG,HNI,,
HBHPLC,HPG,1836,QUẬN LÊ CHÂN
HNI034,HNI,1390,HUYỆN SÓC SƠN
NTUN,BDG,8223,THỊ XÃ TÂN UYÊN
BNL,LAN,8523,HUYỆN BẾN LỨC
CH0082,HCM,,
HBHTDT,HTH,4849,HUYỆN ĐỨC THỌ
BMTG,DLK,6310,THÀNH PHỐ BUÔN MA THUỘT
CHTUD,VPC,2818,HUYỆN LẬP THẠCH
BDGVC,BDG,8239,THÀNH PHỐ THUẬN AN
CH0037,HGG,3139,HUYỆN HOÀNG SU PHÌ
CH0355,THA,,
HBQNHK,QNH,2010,THÀNH PHỐ HẠ LONG
CH0308,NAN,,
MLO,HNI,1510,QUẬN HÀ ĐÔNG
CH0247,HYN,1618,HUYỆN ÂN THI
TXN,HNI,1200,QUẬN THANH XUÂN
CH0084,HCM,7270,QUẬN GÒ VẤP
HHMXTI,HCM,7310,HUYỆN HÓC MÔN
CH0686,CMU,,
CH0639,TNH,,
CH0005,BGG,,
PNG,KHA,6510,THÀNH PHỐ NHA TRANG
HBTHBT,THA,4481,HUYỆN BÁ THƯỚC
HBBGLM,BGG,2318,HUYỆN LỤC NAM
HBHCBG,HCM,7380,HUYỆN BÌNH CHÁNH
TXT,HNI,1200,QUẬN THANH XUÂN
LHU,LAN,8531,HUYỆN CẦN GIUỘC
HBCMUM,CMU,9721,HUYỆN U MINH
LGHA,LAN,8523,HUYỆN BẾN LỨC
PXL,HCM,7250,QUẬN PHÚ NHUẬN
CHDGDS,DKG,6416,HUYỆN ĐẮK SONG
TQD,HNI,1150,QUẬN ĐỐNG ĐA
CH0533,LDG,,
DNC,QNM,5642,THỊ XÃ ĐIỆN BÀN
VIHHG,HNI,,
TGG,TGG,8610,THÀNH PHỐ MỸ THO
71116,HCM,,
NNHG,HNI,1180,QUẬN BA ĐÌNH
YSNG,TQG,3010,THÀNH PHỐ TUYÊN QUANG
THL,HNM,4033,HUYỆN THANH LIÊM
BLUDHI,BLU,9629,HUYỆN ĐÔNG HẢI
CH0544,PYN,,
CHDNLC,DNG,5557,QUẬN LIÊN CHIỂU
CH0050,LSN,,
MTNBG,LOG,9028,QUẬN BÌNH THỦY
CH0008,BGG,,
LVS,HCM,7360,QUẬN TÂN BÌNH
TYT,HCM,7600,QUẬN TÂN PHÚ
TLM,HNI,1260,QUẬN NAM TỪ LIÊM
CH0484,DLK,,
LCSN,LDG,6743,HUYỆN BẢO LÂM
HGGA,HCM,7560,QUẬN 7
CH0538,NTN,6610,THÀNH PHỐ PHAN RANG-THÁP CHÀM
HBDBML,DBN,3839,THỊ XÃ MƯỜNG LAY
CH0253,HYN,1616,HUYỆN PHÙ CỪ
CH0725,KGG,9210,THÀNH PHỐ RẠCH GIÁ
TUY,HDG,1765,HUYỆN TỨ KỲ
CH0716,HUG,,
OSLDG,LDG,,
CH0722,HUG,,
HBQBSG,QBH,,
TTRI,HNI,1270,QUẬN HOÀNG MAI
CH0567,BPC,8333,HUYỆN CHƠN THÀNH
CH0661,AGG,,
TNTN,CMU,9730,HUYỆN ĐẦM DƠI
CH0575,BTE,,
BTG,LCI,3341,HUYỆN BẢO THẮNG
LHN,HNI,1270,QUẬN HOÀNG MAI
HBTQHY,TQG,3055,HUYỆN HÀM YÊN
CH0343,THA,4538,HUYỆN NÔNG CỐNG
TMC,DTP,8717,HUYỆN TAM NÔNG
CH0690,CTO,,
D00148,TNH,,
HBKGHT,KGG,9220,THÀNH PHỐ HÀ TIÊN
VPT,CNTCT,,
CH0778,HNI,,
11713,HNI,,
HBDBNP,DBN,3841,HUYỆN NẬM PỒ
HXH,HCM,7170,QUẬN BÌNH THẠNH
PLA,HNI,1510,QUẬN HÀ ĐÔNG
CH0088,HCM,7100,QUẬN 1
LCNG,HPG,1836,QUẬN LÊ CHÂN
CH0122,HCM,7200,QUẬN THỦ ĐỨC
CNM,HNI,1100,QUẬN HOÀN KIẾM
CHKGG,HNI,1200,QUẬN THANH XUÂN
HBHYKC,HYN,1625,HUYỆN KHOÁI CHÂU
HBBKNS,BKN,2623,HUYỆN NGÂN SƠN
13926,HNI,,
HBHNLB,HNI,1250,QUẬN LONG BIÊN
VTU01,VTU,7910,THÀNH PHỐ VŨNG TÀU
DIH,HNI,1420,HUYỆN MÊ LINH
HBNBKS,NBH,4339,HUYỆN KIM SƠN
11306,HNI,,
TBG,TNH,8433,THỊ XÃ TRẢNG BÀNG
CH0334,QBH,5128,HUYỆN TUYÊN HÓA
HGVG,TVH,9410,THÀNH PHỐ TRÀ VINH
CH0142,HBH,,
TTQU8,HCM,7510,QUẬN 8
HBCTCR,CTO,9036,QUẬN CÁI RĂNG
HBHDNG,HDG,1761,HUYỆN NINH GIANG
HBQNVD,QNH,2053,HUYỆN VÂN ĐỒN
CH0394,KTM,,
CH0187,SLA,,
SSN,HNI,1390,HUYỆN SÓC SƠN
CHVLBM,VLG,8921,THỊ XÃ BÌNH MINH
HBAGCT,AGG,8822,HUYỆN CHÂU THÀNH
TMQ,BDH,5932,HUYỆN HOÀI NHƠN
HBTBTT,TBH,4128,HUYỆN THÁI THỤY
71011,HCM,,
CH0540,NTN,,
COLO,HCM,7510,QUẬN 8
HANM,HNI,1571,HUYỆN ỨNG HÒA
CH0468,BTN,,
CH0598,DNI,8142,HUYỆN ĐỊNH QUÁN
AMY,HNI,1576,HUYỆN MỸ ĐỨC
DTG,LDG,6733,HUYỆN ĐỨC TRỌNG
HBSTMT,STG,9523,HUYỆN MỸ TÚ
PCO,HNI,1536,HUYỆN PHÚC THỌ
CH0762,TVH,,
TTKT3,LOG,7290,QUẬN 12
HBBGLN,BGG,2330,HUYỆN LỤC NGẠN
CH0100,HCM,,
CHPTT,HNI,1340,HUYỆN THANH TRÌ
CH0799,HNI,,
CH0547,PYN,,
TUK,HNI,1340,HUYỆN THANH TRÌ
HBVTPM,VTU,7956,THỊ XÃ PHÚ MỸ
CH0669,BLU,9610,THÀNH PHỐ BẠC LIÊU
HUBTDU,BNH,2218,HUYỆN TIÊN DU
HBCBNB,CBG,2756,HUYỆN NGUYÊN BÌNH
CH0208,BNH,2232,HUYỆN GIA BÌNH
CMS,QNH,,
CH0243,HPG,,
LTG,HNI,1150,QUẬN ĐỐNG ĐA
HBDLEK,DLK,6334,HUYỆN EA KAR
CH0041,HGG,,
QBH01,QBH,5110,THÀNH PHỐ ĐỒNG HỚI
CH0263,NDH,4239,HUYỆN MỸ LỘC
HNIDDA,HNI,1150,QUẬN ĐỐNG ĐA
TTTPU,HCM,7600,QUẬN TÂN PHÚ
12612,HNI,,
PGD,HUE,5349,HUYỆN PHONG ĐIỀN
TTITDN,HNI,1580,HUYỆN PHÚ XUYÊN
CH0611,LAN,,
TNHP,TGG,8634,HUYỆN CHÂU THÀNH
CH0766,VLG,,
HBSLPY,SLA,3636,HUYỆN PHÙ YÊN
HBHPAD,HPG,1848,HUYỆN AN DƯƠNG
NDH01,NDH,4210,THÀNH PHỐ NAM ĐỊNH
TTITNT,HNI,1585,HUYỆN THƯỜNG TÍN
CH0543,PYN,6210,THÀNH PHỐ TUY HÒA
CH0337,QBH,,
CH0280,QNH,2079,THÀNH PHỐ UÔNG BÍ
PVCU,HCM,7270,QUẬN GÒ VẤP
HQNNAL,QNI,5710,THÀNH PHỐ QUẢNG NGÃI
HMN,HCM,7310,HUYỆN HÓC MÔN
CH0498,GLI,6069,HUYỆN PHÚ THIỆN
CH0091,HCM,7310,HUYỆN HÓC MÔN
AHA,TNH,8433,THỊ XÃ TRẢNG BÀNG
PUTH,HCM,7600,QUẬN TÂN PHÚ
CH0058,TNN,2553,HUYỆN ĐẠI TỪ
CH0734,KGG,,
CH0587,DKG,6418,HUYỆN ĐẮK MIL
TCT,PHO,2910,THÀNH PHỐ VIỆT TRÌ
NPT,BTN,8010,THÀNH PHỐ PHAN THIẾT
HBVPYL,VPC,2828,HUYÊN YÊN LẠC
HBHCQ7,HCM,7560,QUẬN 7
HQN,BPC,8341,HUYỆN HỚN QUẢN
PCTI,CNTCT,,
CH0750,STG,,
CH0551,PYN,,
PDG,TNH,8431,HUYỆN GÒ DẦU
72206,HCM,,
PMH,HCM,7560,QUẬN 7
CH0026,CBG,,
CH0049,LSN,,
HBCTTL,CTO,9060,HUYỆN THỚI LAI
VNB,LCI,3316,HUYỆN SI MA CAI
HBKTKT,KTM,5810,THÀNH PHỐ KON TUM
DKGDGG,DKG,6427,HUYỆN ĐẮK GLONG
BNT,HCM,7100,QUẬN 1
HBNDLH,NDH,,
BCU,HCM,7170,QUẬN BÌNH THẠNH
MIG,HNI,1270,QUẬN HOÀNG MAI
CH0155,LCI,,
CH0746,STG,,
HBLSVQ,LSN,2439,HUYỆN VĂN QUAN
TNLP,TNN,2510,THÀNH PHỐ THÁI NGUYÊN
HBTHTA,THA,4456,HUYỆN THIỆU HÓA
MHOG,HYN,1632,THỊ XÃ MỸ HÀO
DHNIDA,HNI,,
MGO,CNTCT,,
CH0698,CTO,,
CH0520,KHA,,
CH0432,QNM,,
BHCU,HTH,4892,THỊ XÃ KỲ ANH
HBQNCP,QNH,2032,THÀNH PHỐ CẨM PHẢ
NIT,QNM,5623,HUYỆN NÚI THÀNH
HBSTLP,STG,9517,HUYỆN LONG PHÚ
QTG,HCM,7270,QUẬN GÒ VẤP
11715,HNI,,
HBHCQ2,HCM,7130,QUẬN 2
HBLDDT,LDG,6733,HUYỆN ĐỨC TRỌNG
VPCVXN,VPC,,
CH0371,DNG,5542,QUẬN THANH KHÊ
CH0604,LAN,8553,HUYỆN TÂN HƯNG
CH0231,HPG,,
HBNTNP,NTN,6633,HUYỆN NINH PHƯỚC
CH0704,DTP,8726,HUYỆN LẤP VÒ
HTHA,THA,4410,THÀNH PHỐ THANH HÓA
HBHDCG,HDG,1747,HUYỆN CẨM GIÀNG
HBGLDD,GLI,6017,HUYỆN ĐĂK ĐOA
HBBTMB,BTE,9320,HUYỆN MỎ CÀY BẮC
HBCBTN,CBG,2746,HUYỆN HÀ QUẢNG
NTN,NTN,6610,THÀNH PHỐ PHAN RANG-THÁP CHÀM
HBHNBV,HNI,1547,HUYỆN BA VÌ
BMI,HNI,1120,QUẬN HAI BÀ TRƯNG
NGT,HNI,1250,QUẬN LONG BIÊN
HBHT02,HCM,7620,QUẬN BÌNH TÂN
CH0061,TNN,2510,THÀNH PHỐ THÁI NGUYÊN
CH0012,BKN,,
CH0242,HPG,,
CH0232,HPG,,
HBQNHA,QNM,5638,THÀNH PHỐ HỘI AN
HBLCVB,LCI,3347,HUYỆN VĂN BÀN
TQGYSN,TQG,3010,THÀNH PHỐ TUYÊN QUANG
HBLACT,LAN,8518,HUYỆN CHÂU THÀNH
CH0105,HCM,,
CHYPG,BNH,2214,HUYỆN YÊN PHONG
HBYBNL,YBN,3256,THỊ XÃ NGHĨA LỘ
LANCTH,LAN,8518,HUYỆN CHÂU THÀNH
DLT,LDG,6710,THÀNH PHỐ ĐÀ LẠT
BTDA,HCM,7620,QUẬN BÌNH TÂN
HGNN,HNI,1585,HUYỆN THƯỜNG TÍN
OSLCU,LCU,,
CH0264,NDH,,
CH0361,THA,,
DGS,THA,4452,HUYỆN ĐÔNG SƠN
BGG,BGG,2310,THÀNH PHỐ BẮC GIANG
HBTBKX,TBH,4155,HUYỆN KIẾN XƯƠNG
CLE,DNG,5574,QUẬN CẨM LỆ
TDMG,BDG,8210,THÀNH PHỐ THỦ DẦU MỘT
LDN,DNG,5510,QUẬN HẢI CHÂU
HBHGVT,HUG,9110,THÀNH PHỐ VỊ THANH
HBHCSK,HCM,7600,QUẬN TÂN PHÚ
CH0149,LCI,,
CH0440,QTI,,
CH0020,CBG,,
CH0681,CMU,9721,HUYỆN U MINH
D00074,NDH,,
SXI,KGG,9216,HUYỆN HÒN ĐẤT
LDGTPU,LDG,6710,THÀNH PHỐ ĐÀ LẠT
HBTNGD,TNH,8431,HUYỆN GÒ DẦU
HBCMTT,CMU,9723,HUYỆN TRẦN VĂN THỜI
CH0099,HCM,,
VLKHTH,LOG,,
HBDLBT,DLK,6310,THÀNH PHỐ BUÔN MA THUỘT
CH0375,DNG,5510,QUẬN HẢI CHÂU
HBHNND,HNI,1180,QUẬN BA ĐÌNH
TAHP,HNI,1536,HUYỆN PHÚC THỌ
HBTNTN,TNN,2510,THÀNH PHỐ THÁI NGUYÊN
11914,HNI,,
QNITPG,QNI,5715,HUYỆN SƠN TỊNH
HBPYDX,PYN,6222,HUYỆN ĐỒNG XUÂN
LTM,HCM,,
HBLATH,LAN,8544,HUYỆN THẠNH HÓA
HBHGVX,HGG,3134,HUYỆN VỊ XUYÊN
BLU,BLU,9610,THÀNH PHỐ BẠC LIÊU
BAN,HCM,7130,QUẬN 2
CH0786,HNI,,
HBHBHB,HBH,3510,THÀNH PHỐ HÒA BÌNH
FFMDNG,FFM,,
CH0754,TVH,,
CH0460,BDH,,
CH0586,DKG,,
OSPHO,PHO,2910,THÀNH PHỐ VIỆT TRÌ
CH0324,NAN,,
TUN,BDG,8223,THỊ XÃ TÂN UYÊN
PGNA,QBH,5115,HUYỆN BỐ TRẠCH
HBSLMS,SLA,3615,HUYỆN MAI SƠN
HBKTNH,KTM,5830,HUYỆN NGỌC HỒI
SHMI,LOG,1270,QUẬN HOÀNG MAI
HBPYSA,PYN,6224,HUYỆN SƠN HÒA
CH0085,HCM,7270,QUẬN GÒ VẤP
CH0785,HNI,,
NTLM,HNI,1260,QUẬN NAM TỪ LIÊM
TMN,HDG,1758,HUYỆN THANH MIỆN
CH0539,NTN,,
CH0411,QNI,5722,HUYỆN TRÀ BỒNG
CH0608,LAN,8518,HUYỆN CHÂU THÀNH
TIS,AGG,8846,HUYỆN THOẠI SƠN
HBHPHB,HPG,1810,QUẬN HỒNG BÀNG
HBNAAS,NAN,4724,HUYỆN ANH SƠN
STH,YBN,3247,HUYỆN VĂN CHẤN
PXN,HNI,1580,HUYỆN PHÚ XUYÊN
CH0811,HNI,,
TLT,HNI,1340,HUYỆN THANH TRÌ
HNIHBT,HNI,1120,QUẬN HAI BÀ TRƯNG
TNNTNT,TNN,2510,THÀNH PHỐ THÁI NGUYÊN
CH0731,KGG,,
LOGLBN,LOG,1250,QUẬN LONG BIÊN
CH0189,VPC,2810,THÀNH PHỐ VĨNH YÊN
KTMDGI,KTM,,
HBHDTH,HDG,1727,HUYỆN THANH HÀ
BHCN,BDG,8239,THÀNH PHỐ THUẬN AN
HBLDDL,LDG,6710,THÀNH PHỐ ĐÀ LẠT
HBSTVC,STG,9535,THỊ XÃ VĨNH CHÂU
12406,HNI,,
QHA,HNI,1220,QUẬN CẦU GIẤY
CH0552,BDG,,
CH0417,QNI,,
CH0692,CTO,,
LCU01,LCU,3910,THÀNH PHỐ LAI CHÂU
HBTBVT,TBH,4149,HUYỆN VŨ THƯ
PHDG,QNH,,
HBBLDH,BLU,9629,HUYỆN ĐÔNG HẢI
TILI,BTE,9337,HUYỆN BÌNH ĐẠI
HHCQ12,HCM,7290,QUẬN 12
CH0110,HCM,7580,HUYỆN NHÀ BÈ
11809,HNI,,
CH0580,BTE,,
CH0284,TBH,,
TYNHG,TNH,8410,THÀNH PHỐ TÂY NINH
CH0249,HYN,1622,HUYỆN KIM ĐỘNG
HBTVTC,TVH,9430,HUYỆN TRÀ CÚ
MGT,BTN,8034,HUYỆN TÁNH LINH
BOT,QBH,5115,HUYỆN BỐ TRẠCH
LDC,STG,9510,THÀNH PHỐ SÓC TRĂNG
CH0109,HCM,7560,QUẬN 7
QTH,HNI,1180,QUẬN BA ĐÌNH
CHDTG,BDG,8236,HUYỆN DẦU TIẾNG
KTHGG,HGG,,
CH0657,AGG,,
CH0274,QNH,,
D00238,HUG,,
HBTGTD,TGG,8648,HUYỆN TÂN PHÚ ĐÔNG
DGHA,DNI,8164,HUYỆN TRẢNG BOM
GVO,HNI,1180,QUẬN BA ĐÌNH
PKHDT,CNTCT,,
CH0226,HNM,,
SHAG,LOG,1510,QUẬN HÀ ĐÔNG
YBNMCC,YBN,3261,HUYỆN MÙ CĂNG CHẢI
QU5,HCM,7480,QUẬN 5
CH0213,BNH,2221,THỊ XÃ TỪ SƠN
CH0365,THA,4467,HUYỆN VĨNH LỘC
KMSN,VPC,2818,HUYỆN LẬP THẠCH
HBKGAM,KGG,9227,HUYỆN AN MINH
HBBGSD,BGG,2325,HUYỆN SƠN ĐỘNG
NIS,THA,4565,THỊ XÃ NGHI SƠN
CHXLA,HNI,1510,QUẬN HÀ ĐÔNG
OSDLK,DLK,,
CH0272,QNH,2086,THỊ XÃ ĐÔNG TRIỀU
CH0199,YBN,,
MYN,VTU,7956,THỊ XÃ PHÚ MỸ
HBHGCT,HUG,9127,HUYỆN CHÂU THÀNH
HBPTTS,PHO,2994,HUYỆN TÂN SƠN
CH0113,HCM,7360,QUẬN TÂN BÌNH
CCI,HCM,7330,HUYỆN CỦ CHI
CH0727,KGG,9216,HUYỆN HÒN ĐẤT
CH0709,DTP,8721,HUYỆN HỒNG NGỰ
KDC,DKG,6413,HUYỆN ĐẮK RLẤP
HGPG,HPG,1848,HUYỆN AN DƯƠNG
KTPQC,KGG,9222,HUYỆN PHÚ QUỐC
HN01,HNI,1280,QUẬN BẮC TỪ LIÊM
HBQNYH,QNH,2075,THỊ XÃ QUẢNG YÊN
HUBBGG,BGG,2310,THÀNH PHỐ BẮC GIANG
CH0070,TQG,,
QGTG,HNI,1150,QUẬN ĐỐNG ĐA
DBG,BNH,2221,THỊ XÃ TỪ SƠN
TNL,TBH,4110,THÀNH PHỐ THÁI BÌNH
AHG,HNI,,
CH0694,CTO,,
HBTLM1,HNI,1280,QUẬN BẮC TỪ LIÊM
HBBDTP,BDH,5917,HUYỆN TUY PHƯỚC
HBTBDH,TBH,4121,HUYỆN ĐÔNG HƯNG
CH0446,QTI,,
QN1,HCM,7100,QUẬN 1
LGT,HCM,7150,QUẬN 9
HDGVC,HDG,,
LTU,BDG,8239,THÀNH PHỐ THUẬN AN
LOGHPG,LOG,1875,QUẬN HẢI AN
HBNTTN,NTN,6630,HUYỆN THUẬN NAM
HBHGVY,HUG,9122,HUYỆN VỊ THỦY
HBBKCD,BKN,2632,HUYỆN CHỢ ĐỒN
HBDLES,DLK,6363,HUYỆN EA SÚP
HBHCDT,HCM,7290,QUẬN 12
ALC,HCM,7620,QUẬN BÌNH TÂN
FFMQN,FFM,,
CH0331,NBH,,
K1HNI,LOG,1280,QUẬN BẮC TỪ LIÊM
HUE,HUE,5310,THÀNH PHỐ HUẾ
CH0504,GLI,6010,THÀNH PHỐ PLEIKU
HBTNPY,TNN,2568,THỊ XÃ PHỔ YÊN
PAKH,HNI,1120,QUẬN HAI BÀ TRƯNG
HBNBGV,NBH,4322,HUYỆN GIA VIỄN
TYHA,HCM,7150,QUẬN 9
CH0724,KGG,,
CH0654,AGG,,
CH0650,VTU,,
HBNDGT,NDH,4278,HUYỆN GIAO THỦY
MKG,LCI,3316,HUYỆN SI MA CAI
NGA,LDG,6733,HUYỆN ĐỨC TRỌNG
D00128,BDG,8239,THÀNH PHỐ THUẬN AN
CH0083,HCM,7270,QUẬN GÒ VẤP
HBHCCG,HCM,7590,HUYỆN CẦN GIỜ
KMA,HNI,1180,QUẬN BA ĐÌNH
CH0553,BDG,,
CH0592,DNI,8158,HUYỆN NHƠN TRẠCH
HBLACD,LAN,8527,HUYỆN CẦN ĐƯỚC
MYNG,VTU,7956,THỊ XÃ PHÚ MỸ
DSKV1,LOG,1280,QUẬN BẮC TỪ LIÊM
12015,HNI,,
CH0796,HNI,1561,HUYỆN CHƯƠNG MỸ
HBHNTD,HNI,1340,HUYỆN THANH TRÌ
THAKIEU,THA,,
CH0510,GLI,6038,HUYỆN ĐỨC CƠ
CTO,CTO,9010,QUẬN NINH KIỀU
KVMN07,FFM,7200,QUẬN THỦ ĐỨC
HBKTKR,KTM,5818,HUYỆN KON RẪY
NSN,HCM,7600,QUẬN TÂN PHÚ
CH0363,THA,,
QAN,HNI,1240,QUẬN TÂY HỒ
DVCHN,LOG,1280,QUẬN BẮC TỪ LIÊM
HBLSVL,LSN,2425,HUYỆN VĂN LÃNG
CH0531,LDG,,
SHCU,LOG,1150,QUẬN ĐỐNG ĐA
CH0314,NAN,,
HBHTHK,HTH,4869,HUYỆN HƯƠNG KHÊ
LTTN,HCM,7600,QUẬN TÂN PHÚ
CHDGKN,DKG,6421,HUYỆN KRÔNG NÔ
CHHGG,HNI,1585,HUYỆN THƯỜNG TÍN
CH0560,BDG,,
AHU,TGG,8647,HUYỆN CÁI BÈ
HBHPKT,HPG,1867,HUYỆN KIẾN THỤY
HBQNTK,QNM,5610,THÀNH PHỐ TAM KỲ
CAN,YBN,3219,HUYỆN YÊN BÌNH
CH0006,BGG,,
CH0699,DTP,,
OSNTN,NTN,6610,THÀNH PHỐ PHAN RANG-THÁP CHÀM
QNH002,QNH,2010,THÀNH PHỐ HẠ LONG
CH0068,TQG,,
STNN,TNN,2510,THÀNH PHỐ THÁI NGUYÊN
HBCBBL,CBG,2762,HUYỆN BẢO LẠC
HBDNDQ,DNI,8142,HUYỆN ĐỊNH QUÁN
DRA,DKG,6418,HUYỆN ĐẮK MIL
CH0757,TVH,9423,HUYỆN TIỂU CẦN
CH0770,VLG,,
DNT,HYN,1625,HUYỆN KHOÁI CHÂU
DTI,HNI,1240,QUẬN TÂY HỒ
AND,HNI,1240,QUẬN TÂY HỒ
CH0649,VTU,7948,HUYỆN XUYÊN MỘC
HBPTTH,PHO,2982,HUYỆN THANH SƠN
DGO,HDG,1747,HUYỆN CẨM GIÀNG
TNS,HCM,7270,QUẬN GÒ VẤP
YSO,HNI,1270,QUẬN HOÀNG MAI
CH0667,AGG,,
CH0159,LCU,,
HBNDHP,NDH,4282,Hải Hậu
K2HNI,FFM,,
TNHH,DNI,8110,THÀNH PHỐ BIÊN HÒA
CH0275,QNH,,
OSTBH,TBH,,
PLI,STG,9510,THÀNH PHỐ SÓC TRĂNG
THHA,TNH,8431,HUYỆN GÒ DẦU
HUBBHG,HCM,7380,HUYỆN BÌNH CHÁNH
LOGCMB,LOG,1280,QUẬN BẮC TỪ LIÊM
CHGPG,HNI,1270,QUẬN HOÀNG MAI
KTKGG,KGG,9210,THÀNH PHỐ RẠCH GIÁ
CH0030,CBG,,
CHDLU,HNI,1270,QUẬN HOÀNG MAI
VHHA,KHA,6510,THÀNH PHỐ NHA TRANG
CH0680,CMU,,
HBVLMT,VLG,8934,HUYỆN MANG THÍT
MCU,SLA,3628,HUYỆN MỘC CHÂU
CH0572,BTE,9313,HUYỆN CHÂU THÀNH
CH0160,LCU,,
HBBDTS,BDH,5942,HUYÊN TÂY SƠN
HBBTCL,BTE,9317,HUYỆN CHỢ LÁCH
VVV,HCM,7380,Bình Chánh
HUBTUS,BNH,2221,THỊ XÃ TỪ SƠN
HBLCSP,LCI,3331,THỊ XÃ SA PA
CHTKC,HNI,1200,QUẬN THANH XUÂN
SKY,HCM,7600,QUẬN TÂN PHÚ
BLC,LDG,6747,THÀNH PHỐ BẢO LỘC
CH0132,DBN,,
CNC,CMU,9727,HUYỆN CÁI NƯỚC
PGN,CTO,9044,HUYỆN PHONG ĐIỀN
QOI,HNI,1557,HUYỆN QUỐC OAI
CH0670,BLU,9610,THÀNH PHỐ BẠC LIÊU
CHTLHD,HNI,1529,HUYỆN HOÀI ĐỨC
TTHNI,LOG,1260,QUẬN NAM TỪ LIÊM
CHPNA,NDH,4210,THÀNH PHỐ NAM ĐỊNH
TNE,HCM,7170,QUẬN BÌNH THẠNH
CH0475,BTN,,
CH0469,BTN,8040,HUYỆN HÀM TÂN
CHLBT,DNI,8110,THÀNH PHỐ BIÊN HÒA
NNTI,HGG,,
OSDKG,DKG,,
DKH,KHA,6537,HUYỆN DIÊN KHÁNH
BKN01,BKN,2610,THÀNH PHỐ BẮC KẠN
LDM,HNI,1270,QUẬN HOÀNG MAI
CH0763,VLG,8910,THÀNH PHỐ VĨNH LONG
CH0737,KGG,,
CH0292,HTH,,
LANTHA,LAN,8544,HUYỆN THẠNH HÓA
LHI,VTU,7944,HUYỆN LONG ĐIỀN
VTUG,VTU,7910,THÀNH PHỐ VŨNG TÀU
OSCTO,CTO,,
HBDLMD,DLK,6339,HUYỆN M'ĐRẮK
THLG,HNI,1120,QUẬN HAI BÀ TRƯNG
OSBNH,BNH,,
CH0511,GLI,6024,THỊ XÃ AN KHÊ
CUC,VTU,7953,HUYỆN CHÂU ĐỨC
ANK,CTO,9010,QUẬN NINH KIỀU
HBHTNX,HTH,4844,HUYỆN NGHI XUÂN
HUBLTG,HCM,7200,QUẬN THỦ ĐỨC
CH0760,TVH,,
CH0614,LAN,,
HPH,BGG,2366,HUYỆN HIỆP HÒA
CH0689,CTO,9028,QUẬN BÌNH THỦY
TNCU,AGG,8834,THỊ XÃ TÂN CHÂU
HBNADC,NAN,4638,HUYỆN DIỄN CHÂU
TTG,VPC,2823,HUYỆN VĨNH TƯỜNG
CH0306,NAN,,
PCLG,HCM,7621,THÀNH PHỐ THỦ ĐỨC
CH0516,KHA,6552,HUYỆN CAM LÂM
CGY,HNI,1220,QUẬN CẦU GIẤY
QNH006,QNH,,
CH0407,QNI,5715,HUYỆN SƠN TỊNH
CDC,AGG,8830,THÀNH PHỐ CHÂU ĐỐC
CH0222,HDG,,
TPC,DNI,8110,THÀNH PHỐ BIÊN HÒA
HBNAHM,NAN,4758,THỊ XÃ HOÀNG MAI
D00417,CMU,,
HIT,HDG,1710,THÀNH PHỐ HẢI DƯƠNG
98807,CMU,,
D00004,KHA,,
PKSNB,CNTCT,,
HAHP,VTU,,
P00017,DTP,,
CH0600,DNI,8132,THÀNH PHỐ LONG KHÁNH
HBHYAT,HYN,1618,HUYỆN ÂN THI
MKI,HNI,1120,QUẬN HAI BÀ TRƯNG
PHU,HCM,7150,QUẬN 9
KDNI,LOG,8110,THÀNH PHỐ BIÊN HÒA
HBLDDI,LDG,6737,HUYỆN DI LINH
CH0278,QNH,,
CH0470,BTN,,
CH0326,NBH,4345,HUYỆN YÊN KHÁNH
NVLH,HCM,7560,QUẬN 7
HBGLPT,GLI,6069,HUYỆN PHÚ THIỆN
HBBGYT,BGG,2347,HUYỆN YÊN THẾ
HBHUPD,HUE,5349,HUYỆN PHONG ĐIỀN
CH0813,HNI,,
GVP,HCM,7270,QUẬN GÒ VẤP
KTH,HDG,1731,HUYỆN KIM THÀNH
OSPYN,PYN,,
CH0135,HBH,3510,THÀNH PHỐ HÒA BÌNH
HVN,DNG,5557,QUẬN LIÊN CHIỂU
CH0157,LCU,,
THA,THA,4410,THÀNH PHỐ THANH HÓA
BADG,HCM,,
HBBTLG,BTN,8046,THỊ XÃ LA GI
BHA,DNI,8110,THÀNH PHỐ BIÊN HÒA
YNDH,NDH,4282,HUYỆN HẢI HẬU
CH0783,HNI,1280,QUẬN BẮC TỪ LIÊM
VQG,KGG,9210,THÀNH PHỐ RẠCH GIÁ
HBHNNL,HNI,1260,QUẬN NAM TỪ LIÊM
CMU01,CMU,9710,THÀNH PHỐ CÀ MAU
CH0366,THA,,
CH0320,NAN,,
CH0023,CBG,,
GLIKCO,GLI,,
HBTHTS,THA,4487,HUYỆN TRIỆU SƠN
HBSTNN,STG,9540,THỊ XÃ NGÃ NĂM
TTC,BNH,2214,HUYỆN YÊN PHONG
TCH,HNI,1200,QUẬN THANH XUÂN
HBPTTB,PHO,2956,HUYỆN THANH BA
TTNT,HCM,7290,QUẬN 12
CHLDG,HNI,1270,QUẬN HOÀNG MAI
CH0515,KHA,,
CH0606,LAN,8546,HUYỆN TÂN THẠNH
CH0044,LSN,2461,HUYỆN HỮU LŨNG
CH0502,GLI,6017,HUYỆN ĐĂK ĐOA
CH0043,LSN,,
D00036,HDG,,
HBDNVC,DNI,8150,HUYỆN VĨNH CỬU
TTH,VTU,7956,THỊ XÃ PHÚ MỸ
HDU,TBH,4110,THÀNH PHỐ THÁI BÌNH
LMX,HCM,7380,HUYỆN BÌNH CHÁNH
LDH,HNI,1120,QUẬN HAI BÀ TRƯNG
TYK,HNI,1240,QUẬN TÂY HỒ
TTQU2,HCM,7130,QUẬN 2
DTM,HNI,1120,QUẬN HAI BÀ TRƯNG
HDDA03,HNI,1150,QUẬN ĐỐNG ĐA
HBDLEP,DLK,,
CH0301,HTH,,
CH0428,QNM,,
75912,BDG,,
43634,NAN,,
CH0198,YBN,,
HBCBTL,CBG,2727,HUYỆN TRÙNG KHÁNH
HBHCTQ,HCM,7330,HUYỆN CỦ CHI
DLTG,LDG,6710,THÀNH PHỐ ĐÀ LẠT
MLH,HNI,1420,HUYỆN MÊ LINH
CH0546,PYN,6216,HUYỆN TUY AN
CH0219,HDG,1758,HUYỆN THANH MIỆN
CH0708,DTP,8738,HUYỆN CHÂU THÀNH
CH0767,VLG,8910,THÀNH PHỐ VĨNH LONG
CH0036,HGG,,
HBHNTX,HNI,1200,QUẬN THANH XUÂN
VNBI,LOG,1390,HUYỆN SÓC SƠN
NSHU,HUG,9127,HUYỆN CHÂU THÀNH
KTHPG,LOG,1851,QUẬN KIẾN AN
HBDNLB,DNI,8110,THÀNH PHỐ BIÊN HÒA
HBVTXM,VTU,7948,HUYỆN XUYÊN MỘC
D00423,HCM,,
CH0814,HNI,,
CALI,HCM,,
11606,HNI,,
DVH,HNI,1220,QUẬN CẦU GIẤY
MTI,HNI,1260,QUẬN NAM TỪ LIÊM
OSHBH,HBH,3510,THÀNH PHỐ HÒA BÌNH
BHAG1,DNI,8110,THÀNH PHỐ BIÊN HÒA
HLI,CTO,9010,QUẬN NINH KIỀU
HBLCMK,LCI,3319,HUYỆN MƯỜNG KHƯƠNG
LMN,THA,4410,THÀNH PHỐ THANH HÓA
LDGLS,LDG,6747,THÀNH PHỐ BẢO LỘC
TVG,HCM,7560,QUẬN 7
HBNBYM,NBH,4336,HUYỆN YÊN MÔ
HNI035,HNI,1200,QUẬN THANH XUÂN
VHH,HNI,1270,QUẬN HOÀNG MAI
SHBT,LOG,1120,QUẬN HAI BÀ TRƯNG
CH0136,HBH,,
CH0596,DNI,,
CH0499,GLI,,
D00126,BTE,,
BCG,LCI,3334,THÀNH PHỐ LÀO CAI
HBBPDP,BPC,8315,HUYỆN ĐỒNG PHÚ
HBLATT,LAN,8534,HUYỆN THỦ THỪA
QNI,QNI,5710,THÀNH PHỐ QUẢNG NGÃI
PXA,HNI,,
TPU,HCM,7600,QUẬN TÂN PHÚ
NNV,HNI,1220,QUẬN CẦU GIẤY
HPG001,HPG,1851,QUẬN KIẾN AN
KTDKG,DKG,6410,THÀNH PHỐ GIA NGHĨA
CH0176,PHO,,
CH0768,VLG,8925,HUYỆN TRÀ ÔN
CH0645,VTU,,
HBHDGL,HDG,1754,HUYỆN GIA LỘC
HBDLKN,DLK,6352,HUYỆN KRÔNG NĂNG
DTP01,DTP,8710,THÀNH PHỐ CAO LÃNH
HBLDDA,LDG,6752,HUYỆN ĐẠ TẺH
HBBNGB,BNH,2232,HUYỆN GIA BÌNH
QTTM,TNN,2510,THÀNH PHỐ THÁI NGUYÊN
HBNTPR,NTN,6610,THÀNH PHỐ PHAN RANG-THÁP CHÀM
OSHNI,HNI,,
CH0392,KTM,5835,HUYỆN SA THẦY
HBHNQO,HNI,1557,HUYỆN QUỐC OAI
DKD,GLI,6017,HUYỆN ĐĂK ĐOA
TTBDG,BDG,8239,THÀNH PHỐ THUẬN AN
CH0194,VPC,,
CH0056,LSN,,
XKH,CTO,9010,QUẬN NINH KIỀU
HBCBHQ,CBG,2746,HUYỆN HÀ QUẢNG
CHVTTG,VTU,7910,THÀNH PHỐ VŨNG TÀU
CTOAHA,CTO,9010,QUẬN NINH KIỀU
HBPYSC,PYN,6219,THỊ XÃ SÔNG CẦU
HBCTTN,CTO,9042,QUẬN THỐT NỐT
CH0795,HNI,,
KNQ,LOG,,
CH0534,LDG,,
HCU,DNG,5542,QUẬN THANH KHÊ
CH0756,TVH,9435,HUYỆN CẦU NGANG
CMU,CMU,9710,THÀNH PHỐ CÀ MAU
HBBDDA,BDG,8246,THÀNH PHỐ DĨ AN
HBHCQ3,HCM,7220,QUẬN 3
PLG,BPC,8339,THỊ XÃ PHƯỚC LONG
HBNAND,NAN,4749,HUYỆN NAM ĐÀN
CH0788,HNI,,
CH0568,BPC,8315,HUYỆN ĐỒNG PHÚ
CH0478,DLK,,
CH0010,BGG,2347,HUYỆN YÊN THẾ
HBTGCG,TGG,8620,HUYỆN CHỢ GẠO
HBHGBH,HGG,3152,HUYỆN QUANG BÌNH
HBHGNB,HUG,9129,THÀNH PHỐ NGÃ BẢY
GLIIGI,GLI,6034,HUYỆN IA GRAI
TS1,HCM,7360,QUẬN TÂN BÌNH
HNI024,HNI,1200,QUẬN THANH XUÂN
DNN,HNI,1120,QUẬN HAI BÀ TRƯNG
CH0358,THA,4555,HUYỆN QUẢNG XƯƠNG
CH0595,DNI,8142,HUYỆN ĐỊNH QUÁN
BSN,THA,4449,THỊ XÃ BỈM SƠN
HBHNHD,HNI,1510,QUẬN HÀ ĐÔNG
CH0369,THA,,
HBTGTP,TGG,8639,HUYỆN TÂN PHƯỚC
LYNN,HNM,4015,HUYỆN LÝ NHÂN
LGTH,LAN,8531,HUYỆN CẦN GIUỘC
HBLCSH,LCU,3923,HUYỆN SÌN HỒ
HBAGCD,AGG,8830,THÀNH PHỐ CHÂU ĐỐC
CHTBH,HNI,1220,QUẬN CẦU GIẤY
LDT,HNI,1260,QUẬN NAM TỪ LIÊM
CH0304,NAN,,
OSVTU,VTU,,
CH0028,CBG,,
HBTNCT,TNH,8424,HUYỆN CHÂU THÀNH
HBQNTH,QNM,5616,HUYỆN THĂNG BÌNH
HBTGCB,TGG,8647,HUYỆN CÁI BÈ
HBSTTT,STG,9527,HUYỆN THẠNH TRỊ
11808,HNI,,
BHHA,HCM,7170,QUẬN BÌNH THẠNH
HBPYTY,PYN,6232,HUYỆN TÂY HÒA
TABC,QNM,5623,HUYỆN NÚI THÀNH
D00141,LAN,,
HBTNDC,TNH,8417,HUYỆN DƯƠNG MINH CHÂU
HBCTOM,CTO,9040,QUẬN Ô MÔN
HBTGCT,TGG,8634,HUYỆN CHÂU THÀNH
HBPTVT,PHO,2910,THÀNH PHỐ VIỆT TRÌ
VTIG2,PHO,2910,THÀNH PHỐ VIỆT TRÌ
DAH,HNI,1360,HUYỆN ĐÔNG ANH
HBGG,HPG,1810,QUẬN HỒNG BÀNG
HBCBHL,CBG,2722,HUYỆN HẠ LANG
HUBMCI,QNH,2068,THÀNH PHỐ MÓNG CÁI
VTY,HNI,1120,QUẬN HAI BÀ TRƯNG
TTKT2,LOG,5557,QUẬN LIÊN CHIỂU
VYNG,VPC,2810,THÀNH PHỐ VĨNH YÊN
NCTH,HNI,1260,QUẬN NAM TỪ LIÊM
HBTLM2,HNI,1280,QUẬN BẮC TỪ LIÊM
MDH,HNI,1260,QUẬN NAM TỪ LIÊM
CH0483,DLK,,
PHUTH,HYN,1622,HUYỆN KIM ĐỘNG
HBDLEH,DLK,6356,HUYỆN EA H'LEO
HBQNHH,QNH,2065,HUYỆN HẢI HÀ
TBH001,TBH,,
CH0287,TBH,4142,HUYỆN HƯNG HÀ
HBHMTL,HNM,4033,HUYỆN THANH LIÊM
DTNBN1,LOG,1280,QUẬN BẮC TỪ LIÊM
NOH,HCM,7270,QUẬN GÒ VẤP
HBPYPH,PYN,6234,HUYỆN PHÚ HÒA
HBQNTG,QNM,5658,HUYỆN TÂY GIANG
HN09,HNI,1180,QUẬN BA ĐÌNH
HGK,HPG,1836,QUẬN LÊ CHÂN
HBCMCN,CMU,9727,HUYỆN CÁI NƯỚC
CH0632,TGG,8634,HUYỆN CHÂU THÀNH
TCY,HNI,1120,QUẬN HAI BÀ TRƯNG
TMB,HCM,7200,QUẬN THỦ ĐỨC
CH0252,HYN,,
CH0212,BNH,,
CH0207,BNH,,
HVU,BGG,2310,THÀNH PHỐ BẮC GIANG
CH0513,KHA,,
PRG,BPC,8342,HUYỆN PHÚ RIỀNG
CH0618,LAN,8523,HUYỆN BẾN LỨC
CHAGML,AGG,8816,HUYỆN CHỢ MỚI
HBQBBT,QBH,5115,HUYỆN BỐ TRẠCH
CH0621,TGG,,
QU10,HCM,7400,QUẬN 10
LDTO,HCM,7270,QUẬN GÒ VẤP
HBI,HNI,1360,HUYỆN ĐÔNG ANH
CH0376,DNG,,
CH0004,BGG,,
CH0561,BDG,,
XMI,HNI,1561,HUYỆN CHƯƠNG MỸ
CH0550,PYN,,
CH0340,QBH,,
THX,HCM,7290,QUẬN 12
CH0462,BDH,,
CHYXA,HNI,1340,HUYỆN THANH TRÌ
BCNG,BKN,2610,THÀNH PHỐ BẮC KẠN
TTKDCP,CNTCT,,
D00107,KTM,,
D00073,NDH,,
NMDN,NAN,,
KVMN06,FFM,7430,QUẬN 11
HBLAVH,LAN,8551,HUYỆN VĨNH HƯNG
NDH001,NDH,,
VLG,VLG,8910,THÀNH PHỐ VĨNH LONG
TTQU7,HCM,7560,QUẬN 7
BTD,HCM,7620,QUẬN BÌNH TÂN
HBCTPD,CTO,9044,HUYỆN PHONG ĐIỀN
HMH,DNG,5557,QUẬN LIÊN CHIỂU
CH0794,HNI,,
HBTGCL,TGG,8649,THỊ XÃ CAI LẬY
CNDC,LAN,8527,HUYỆN CẦN ĐƯỚC
QNHTPU,QNH,2068,THÀNH PHỐ MÓNG CÁI
HBSLBY,SLA,3643,HUYỆN BẮC YÊN
CH0080,HCM,,
HBNBHL,NBH,4319,HUYỆN HOA LƯ
HBHNTL,HNI,1260,QUẬN NAM TỪ LIÊM
CHADV,HNI,1240,QUẬN TÂY HỒ
16853,BNH,,
CH0248,HYN,,
BTN,BTN,8010,THÀNH PHỐ PHAN THIẾT
CH0328,NBH,,
CH0277,QNH,,
CH0677,CMU,9723,HUYỆN TRẦN VĂN THỜI
HBBDBB,BDG,8248,HUYỆN BÀU BÀNG
NOQN,LDG,6710,THÀNH PHỐ ĐÀ LẠT
DVG,HNI,1220,QUẬN CẦU GIẤY
HBQNDT,QNH,2086,THỊ XÃ ĐÔNG TRIỀU
CH0237,HPG,,
HBTHNC,THA,4538,HUYỆN NÔNG CỐNG
HBQNDB,QNM,5642,THỊ XÃ ĐIỆN BÀN
CH0816,HNI,,
CH0024,CBG,,
CH0439,QNM,,
TRN,HNI,1100,QUẬN HOÀN KIẾM
KTPTT,BTN,8010,THÀNH PHỐ PHAN THIẾT
BRA,VTU,7951,THÀNH PHỐ BÀ RỊA
HBQNDH,QNH,2063,HUYỆN ĐẦM HÀ
CH0802,HNI,1100,QUẬN HOÀN KIẾM
CH0262,NDH,,
CH0557,BDG,8239,THÀNH PHỐ THUẬN AN
71716,HCM,,
HBCMSD,CMU,9723,HUYỆN TRẦN VĂN THỜI
CH0458,BDH,,
CH0589,DNI,,
CH0181,SLA,,
HBLCTU,LCU,3940,HUYỆN TÂN UYÊN
LOGCMY,LOG,,
CH0412,QNI,5726,HUYỆN SƠN HÀ
HBDNTD,DNI,8110,THÀNH PHỐ BIÊN HÒA
STGG,STG,9510,THÀNH PHỐ SÓC TRĂNG
TTDHKD,CNTCT,,
CH0015,BKN,2619,HUYỆN BẠCH THÔNG
HBTVTN,TVH,9423,HUYỆN TIỂU CẦN
CH0382,HUE,5364,HUYỆN NAM ĐÔNG
HBHNHT,HNI,1120,QUẬN HAI BÀ TRƯNG
HBQNBS,QNI,5718,HUYỆN BÌNH SƠN
HBNDTN,NDH,4251,HUYỆN TRỰC NINH
NCI,KTM,5830,HUYỆN NGỌC HỒI
HBQNDP,QNI,5735,THỊ XÃ ĐỨC PHỔ
DGHG,TBH,4121,HUYỆN ĐÔNG HƯNG
HBBKNR,BKN,2613,HUYỆN NA RÌ
KMN,HDG,1738,THỊ XÃ KINH MÔN
TTVH,CNTCT,1220,QUẬN CẦU GIẤY
VPC01,VPC,2810,THÀNH PHỐ VĨNH YÊN
HAN,QNM,5638,THÀNH PHỐ HỘI AN
LHPG,HCM,7400,QUẬN 10
DHIG,LCI,3316,HUYỆN SI MA CAI
CHGLAK,GLI,6024,THỊ XÃ AN KHÊ
NHI,HNI,1340,HUYỆN THANH TRÌ
CHTHLT,HNI,1270,QUẬN HOÀNG MAI
HPTH,HCM,7290,QUẬN 12
HBTNPB,TNN,2575,HUYỆN PHÚ BÌNH
HBDKCJ,DKG,6424,HUYỆN CƯ JÚT
KGT,HNI,1150,QUẬN ĐỐNG ĐA
HBDKDM,DKG,6418,HUYỆN ĐẮK MIL
CH0569,BPC,8317,HUYỆN BÙ ĐĂNG
CH0712,DTP,,
CH0065,TNN,,
CH0585,DKG,6427,HUYỆN ĐẮK GLONG
VIN,HYN,,
LDGLHP,LDG,6747,THÀNH PHỐ BẢO LỘC
HBHPKA,HPG,1851,QUẬN KIẾN AN
ANT,KGG,9222,HUYỆN PHÚ QUỐC
SLATHU,SLA,3610,THÀNH PHỐ SƠN LA
HBHDCL,HDG,1742,THÀNH PHỐ CHÍ LINH
D00431,HCM,,
11414,HNI,,
CH0071,TQG,,
CH0429,QNM,,
CH0735,KGG,,
HBNACC,NAN,4730,HUYỆN CON CUÔNG
VNL,HYN,1635,HUYỆN VĂN LÂM
CH0121,HCM,7200,QUẬN THỦ ĐỨC
PUT,HNI,1240,QUẬN TÂY HỒ
HBVLBM,VLG,8921,THỊ XÃ BÌNH MINH
CH0313,NAN,,
CH0702,DTP,8714,HUYỆN THÁP MƯỜI
P00025,GLI,,
SLATCU,SLA,3657,HUYỆN THUẬN CHÂU
HBLATN,LAN,8546,HUYỆN TÂN THẠNH
HBVTCD,VTU,7953,HUYỆN CHÂU ĐỨC
DXI,BPC,8310,THÀNH PHỐ ĐỒNG XOÀI
CMY,HNI,1561,HUYỆN CHƯƠNG MỸ
NTY,HNI,1250,QUẬN LONG BIÊN
TTFWD,LOG,,
CH0188,SLA,,
HBTHHH,THA,4422,HUYỆN HOẰNG HÓA
DHAG,QTI,5210,THÀNH PHỐ ĐÔNG HÀ
CH0273,QNH,2075,THỊ XÃ QUẢNG YÊN
HBQTCV,QTI,,
NANM,BGG,2353,HUYỆN TÂN YÊN
HAA,DNI,8110,THÀNH PHỐ BIÊN HÒA
HBHNUH,HNI,1571,HUYỆN ỨNG HÒA
TTOI,HNI,1340,HUYỆN THANH TRÌ
TGC,HCM,7360,QUẬN TÂN BÌNH
HBHNMB,HNI,1120,QUẬN HAI BÀ TRƯNG
HNILBN,HNI,,
BOKE,HYN,,
QNH001,QNH,2068,THÀNH PHỐ MÓNG CÁI
CH0764,VLG,,
24128,TNN,,
KVMN04,FFM,,
HBTVCT,TVH,9426,HUYỆN CHÂU THÀNH
BTUN,BDG,8247,HUYỆN BẮC TÂN UYÊN
HBTQCH,TQG,3038,HUYỆN CHIÊM HÓA
D00429,HCM,,
HGPC,NAN,4610,THÀNH PHỐ VINH
GPG,HNI,1270,QUẬN HOÀNG MAI
HBBTBT,BTE,9310,THÀNH PHỐ BẾN TRE
HBTQLB,TQG,3056,HUYỆN LÂM BÌNH
NDU,HNI,1120,QUẬN HAI BÀ TRƯNG
HBTBTB,TBH,4110,THÀNH PHỐ THÁI BÌNH
HBTHTH,THA,4410,THÀNH PHỐ THANH HÓA
TTTMBH,VLG,8917,HUYỆN TAM BÌNH
OSQTI,QTI,,
HBTHHT,THA,4444,HUYỆN HÀ TRUNG
CHVTLD,VTU,7944,HUYỆN LONG ĐIỀN
TQGG,TQG,3010,THÀNH PHỐ TUYÊN QUANG
PCH,KHA,6510,THÀNH PHỐ NHA TRANG
LVT,NAN,4610,THÀNH PHỐ VINH
BDH,HNI,1180,QUẬN BA ĐÌNH
KVMB12,FFM,,
HBDBMN,DBN,3840,HUYỆN MƯỜNG NHÉ
HBDLKB,DLK,6370,HUYỆN KRÔNG BÔNG
PTH,DNI,8158,HUYỆN NHƠN TRẠCH
PCLKD,CNTCT,1260,QUẬN NAM TỪ LIÊM
HBLAKT,LAN,8554,THỊ XÃ KIẾN TƯỜNG
HBPTTT,PHO,2945,HUYỆN THANH THỦY
HMRG,THA,4410,THÀNH PHỐ THANH HÓA
HBDBDP,DBN,3810,THÀNH PHỐ ĐIỆN BIÊN PHỦ
XHA,VPC,2834,THÀNH PHỐ PHÚC YÊN
THQ,HNI,1150,QUẬN ĐỐNG ĐA
TDH,HNI,1220,QUẬN CẦU GIẤY
CH0348,THA,,
KHA002,KHA,6510,THÀNH PHỐ NHA TRANG
HNIKSN,HNI,1310,HUYỆN GIA LÂM
CMUG,CMU,9710,THÀNH PHỐ CÀ MAU
HBSTCT,STG,9550,HUYỆN CHÂU THÀNH
HCM07,HCM,7290,QUẬN 12
TPT,HCM,7330,HUYỆN CỦ CHI
CH0798,HNI,1576,HUYỆN MỸ ĐỨC
PGCH,HNI,1260,QUẬN NAM TỪ LIÊM
CH0443,QTI,,
CH0613,LAN,,
CH0074,TQG,,
CHKBG,DLK,6370,HUYỆN KRÔNG BÔNG
HBTBTH,TBH,4162,HUYỆN TIỀN HẢI
HBBTCT,BTE,9313,HUYỆN CHÂU THÀNH
LTKT,CMU,9710,THÀNH PHỐ CÀ MAU
HNI027,HNI,1270,QUẬN HOÀNG MAI
BKA,HNI,1120,QUẬN HAI BÀ TRƯNG
CH0532,LDG,,
CH0360,THA,,
CH0736,KGG,9232,HUYỆN VĨNH THUẬN
HQU122,HCM,7290,QUẬN 12
TQY,HCM,7330,HUYỆN CỦ CHI
HNH,LDG,6737,HUYỆN DI LINH
HBBDAN,BDH,5920,THỊ XÃ AN NHƠN
CPU,AGG,8828,HUYỆN CHÂU PHÚ
CHHAXM,HNI,1561,HUYỆN CHƯƠNG MỸ
PVG,HUE,5367,HUYỆN PHÚ VANG
PCSKH,CNTCT,1260,QUẬN NAM TỪ LIÊM
LCU,LCU,3910,THÀNH PHỐ LAI CHÂU
DDN,HNI,1220,QUẬN CẦU GIẤY
ATI,CTO,9028,QUẬN BÌNH THỦY
QTBH,HCM,7360,QUẬN TÂN BÌNH
CHBTHM,BTN,8031,HUYỆN HÀM THUẬN NAM
CH0492,DLK,6366,HUYỆN KRÔNG A NA
CH0448,QTI,,
CHTLBV,HNI,1547,HUYỆN BA VÌ
HMI,HNI,1270,QUẬN HOÀNG MAI
CTHG,BTE,9313,HUYỆN CHÂU THÀNH
OSHYN,HYN,1610,THÀNH PHỐ HƯNG YÊN
HBBPLN,BPC,8325,HUYỆN LỘC NINH
HBQNHD,QNM,5634,Huyện Hiệp Đức
TNTG,THA,4555,HUYỆN QUẢNG XƯƠNG
HBPTYL,PHO,2976,HUYỆN YÊN LẬP
BNE,HCM,7100,QUẬN 1
CH0172,PHO,2962,HUYỆN HẠ HÒA
HTHLHA,HTH,4891,HUYỆN LỘC HÀ
CH0170,PHO,,
CH0474,BTN,,
HHTM,HCM,7170,QUẬN BÌNH THẠNH
CH0761,TVH,,
HXNL,DNI,8139,HUYỆN XUÂN LỘC
CH0269,QNH,2010,THÀNH PHỐ HẠ LONG
HBGLCO,GLI,6042,HUYỆN CHƯ PRÔNG
KTTDC,HCM,7200,QUẬN THỦ ĐỨC
LVL,HNI,1200,QUẬN THANH XUÂN
CH0370,DNG,,
CH0426,QNM,5662,HUYỆN PHÚ NINH
CH0398,KTM,5825,HUYỆN ĐẮK TÔ
CH0338,QBH,5122,HUYỆN QUẢNG TRẠCH
CH0047,LSN,,
CH0059,TNN,2564,THÀNH PHỐ SÔNG CÔNH
LMY,HUG,9130,THỊ XÃ LONG MỸ
TTTN,HCM,7310,HUYỆN HÓC MÔN
CH0367,THA,,
CH0261,NDH,4210,THÀNH PHỐ NAM ĐỊNH
CH0017,BKN,,
D00284,DTP,,
CHDBH,NDH,4265,HUYỆN NGHĨA HƯNG
BTI,HCM,7430,QUẬN 11
NBHVC,NBH,,
HNIBTL,HNI,,
TMR,HNI,,
CH0810,HNI,,
GTP,TNN,2510,THÀNH PHỐ THÁI NGUYÊN
71514,HCM,,
HBQBQT,QBH,5140,THỊ XÃ BA ĐỒN
HBHUPL,HUE,5371,HUYỆN PHÚ LỘC
71106,HCM,,
HBQNPS,QNM,5651,HUYỆN PHƯỚC SƠN
PONIA,HYN,,
CHDLLG,DLK,6310,THÀNH PHỐ BUÔN MA THUỘT
HBQNNM,QNM,5653,HUYỆN NAM TRÀ MY
OSHGG,HGG,3110,THÀNH PHỐ HÀ GIANG
16216,BNH,,
TTN,HNI,1585,HUYỆN THƯỜNG TÍN
HBDTLO,DTP,8726,HUYỆN LẤP VÒ
HBHNBL,HNI,1280,QUẬN BẮC TỪ LIÊM
CH0293,HTH,4810,THÀNH PHỐ HÀ TĨNH
HXN,DNG,5574,QUẬN CẨM LỆ
NTSO,HNI,1150,QUẬN ĐỐNG ĐA
CH0168,PHO,2935,THI XÃ PHÚ THỌ
CH0812,HNI,,
CH0631,TGG,,
HBNACL,NAN,4624,THỊ XÃ CỬA LÒ
PYNPHA,PYN,6234,HUYỆN PHÚ HÒA
DCG,HNI,1270,QUẬN HOÀNG MAI
CH0593,DNI,,
HBHDKM,HDG,1738,THỊ XÃ KINH MÔN
CH0782,HNI,,
CH0789,HNI,,
PTCKT,CNTCT,,
OSDNG,DNG,,
CH0323,NAN,,
CHTLT,HNI,1340,HUYỆN THANH TRÌ
CH0622,TGG,,
HBHYTL,HYN,1613,HUYỆN TIÊN LỮ
QNITBG,QNI,5722,HUYỆN TRÀ BỒNG
TND,HCM,7100,QUẬN 1
LBN,HNI,1250,QUẬN LONG BIÊN
CH0765,VLG,,
HBDBTC,DBN,3836,HUYỆN TỦA CHÙA
HBAGPT,AGG,8825,HUYỆN PHÚ TÂN
HBDLKP,DLK,6327,HUYỆN KRÔNG PẮK
TDN,HCM,7130,QUẬN 2
MND,HCM,7170,QUẬN BÌNH THẠNH
NDO,HNI,1220,QUẬN CẦU GIẤY
CH0205,YBN,,
CH0752,STG,9517,HUYỆN LONG PHÚ
LXN,AGG,8810,THÀNH PHỐ LONG XUYÊN
HLC,FFM,1553,HUYỆN THẠCH THẤT
KVMT01,FFM,5568,QUẬN NGŨ HÀNH SƠN
HBTHLC,THA,4523,HUYỆN LANG CHÁNH
HBNTNS,NTN,6631,HUYỆN NINH SƠN
TNI,HUE,5310,THÀNH PHỐ HUẾ
HBHT01,HCM,7620,QUẬN BÌNH TÂN
CH0784,HNI,,
HBHNPT,HNI,1536,HUYỆN PHÚC THỌ
KHPG,LOG,,
CH0321,NAN,,
CH0697,CTO,,
TIN,BDH,5910,THÀNH PHỐ QUI NHƠN
HBNAHN,NAN,4743,HUYỆN HƯNG NGUYÊN
HBCTNK,CTO,9010,QUẬN NINH KIỀU
HCM12,HCM,,
STAB,LOG,7290,QUẬN 12
OSTNN,TNN,2510,THÀNH PHỐ THÁI NGUYÊN
24921,TNN,,
HGHA,TBH,4142,HUYỆN HƯNG HÀ
CH0791,HNI,1557,HUYỆN QUỐC OAI
KTN,HNI,1150,QUẬN ĐỐNG ĐA
CH0179,SLA,,
CH0377,DNG,5568,QUẬN NGŨ HÀNH SƠN
CH0124,DBN,,
81559,DTP,,
MYP,BDG,8231,THỊ XÃ BẾN CÁT
HBAGTB,AGG,8840,HUYỆN TỊNH BIÊN
LEB,CTO,9036,QUẬN CÁI RĂNG
HNI003,HNI,,
HLT,HNI,1270,QUẬN HOÀNG MAI
LTK,HCM,7360,QUẬN TÂN BÌNH
TYPNTT,BTN,,
CH0714,HUG,,
CH0236,HPG,,
CH0016,BKN,,
TTHPG,HPG,1875,QUẬN HẢI AN
DSKV2,LOG,5557,QUẬN LIÊN CHIỂU
HBHPDS,HPG,1871,QUẬN ĐỒ SƠN
HBLSDL,LSN,2475,HUYỆN ĐÌNH LẬP
HBTQSD,TQG,3028,HUYỆN SƠN DƯƠNG
CH0438,QNM,,
HAI,BDG,8231,THỊ XÃ BẾN CÁT
DGA,PYN,6230,HUYỆN ĐÔNG HÒA
NHH,HCM,,
HBBGVY,BGG,2361,HUYỆN VIỆT YÊN
NMDG,HNI,1150,QUẬN ĐỐNG ĐA
HCMDQ,FFM,7380,HUYỆN BÌNH CHÁNH
CH0464,BDH,5945,HUYỆN VÂN CANH
CH0773,VLG,,
HBBTBB,BTN,8019,HUYỆN BẮC BÌNH
HNI032,HNI,1220,QUẬN CẦU GIẤY
BTR,HNI,1310,HUYỆN GIA LÂM
HDC,HNI,1529,HUYỆN HOÀI ĐỨC
SCTO,LOG,,
CH0419,QNI,5731,HUYỆN MINH LONG
CH0384,HUE,,
MTN,YBN,3210,THÀNH PHỐ YÊN BÁI
HGP,HCM,7560,QUẬN 7
HBQTDH,QTI,5210,THÀNH PHỐ ĐÔNG HÀ
HN10,HNI,1120,QUẬN HAI BÀ TRƯNG
CH0125,DBN,,
CH0211,BNH,,
ATH,BDG,8239,THÀNH PHỐ THUẬN AN
TDM,BDG,8210,THÀNH PHỐ THỦ DẦU MỘT
HBDNTK,DNG,5542,QUẬN THANH KHÊ
ANPU,CTO,9010,QUẬN NINH KIỀU
HBCBHA,CBG,2738,HUYỆN HÒA AN
HBBKCM,BKN,2638,HUYỆN CHỢ MỚI
HBHBLS,HBH,3539,HUYỆN LẠC SƠN
CH0075,HCM,7620,QUẬN BÌNH TÂN
TCP,HCM,7290,QUẬN 12
CH0801,HNI,1120,QUẬN HAI BÀ TRƯNG
CH0803,HNI,1100,QUẬN HOÀN KIẾM
HUBLNM,HNI,1270,QUẬN HOÀNG MAI
CH0060,TNN,,
CH0679,CMU,,
CH0203,YBN,,
BNHG,BNH,2210,THÀNH PHỐ BẮC NINH
CH0387,HUE,5371,HUYỆN PHÚ LỘC
TDI,DNI,8110,THÀNH PHỐ BIÊN HÒA
XTG,NDH,4271,HUYỆN XUÂN TRƯỜNG
HCM09,HCM,7560,QUẬN 7
CH0800,HNI,,
YHA,HNI,1220,QUẬN CẦU GIẤY
CH0651,VTU,,
CH0571,BTE,9330,HUYỆN THẠNH PHÚ
D00158,BLU,,
CHLACT,LAN,8518,HUYỆN CHÂU THÀNH
CH0336,QBH,,
HBGLDC,GLI,6038,HUYỆN ĐỨC CƠ
HUVG,GLI,6010,THÀNH PHỐ PLEIKU
LOB,QTI,5226,HUYỆN HƯỚNG HÓA
KVMN01,FFM,8110,THÀNH PHỐ BIÊN HÒA
OSHCM,HCM,7100,QUẬN 1
K1DNG,FFM,,
MIH,HNI,1220,QUẬN CẦU GIẤY
OSNDH,NDH,,
OSKGG,KGG,,
BNHVC,BNH,,
HBKTDG,KTM,5832,HUYỆN ĐẮK GLEI
HBVPTG,VPC,2815,HUYỆN TAM DƯƠNG
TTKNB,LOG,1390,HUYỆN SÓC SƠN
LPC,DNI,8153,HUYỆN LONG THÀNH
HBHCAP,HCM,7130,QUẬN 2
HBBGLG,BGG,2340,HUYỆN LẠNG GIANG
KTDNI,DNI,8110,THÀNH PHỐ BIÊN HÒA
ATG,HNI,1529,HUYỆN HOÀI ĐỨC
CH0339,QBH,,
CH0368,THA,,
HBDLBH,DLK,6390,THỊ XÃ BUÔN HỒ
PGO,BDG,8228,HUYỆN PHÚ GIÁO
HBBGHH,BGG,2366,HUYỆN HIỆP HÒA
HBBPPR,BPC,8342,HUYỆN PHÚ RIỀNG
BHGG,HDG,1751,HUYỆN BÌNH GIANG
CH0089,HCM,,
PDO,HNI,1260,QUẬN NAM TỪ LIÊM
FFMNAN,FFM,,
CH0682,CMU,,
TSN,BNH,2218,HUYỆN TIÊN DU
HBLCBH,LCI,3310,HUYỆN BẮC HÀ
HBHYVG,HYN,1638,HUYỆN VĂN GIANG
HBTBHH,TBH,4142,HUYỆN HƯNG HÀ
HCM10,HCM,7400,QUẬN 10
HBDTTN,DTP,8717,HUYỆN TAM NÔNG
HBNATC,NAN,4757,HUYỆN THANH CHƯƠNG
CHBHPI,HCM,7380,HUYỆN BÌNH CHÁNH
LGH,HNI,1150,QUẬN ĐỐNG ĐA
CTYCNE,CNTCT,,
TT5HCM,HCM,7621,THÀNH PHỐ THỦ ĐỨC
CMM,DNI,8161,HUYỆN CẨM MỸ
CH0503,GLI,,
CH0330,NBH,,
CH0740,KGG,,
CH0742,STG,9511,HUYỆN TRẦN ĐỀ
PHI,VLG,8910,THÀNH PHỐ VĨNH LONG
DAN,BDG,8246,THÀNH PHỐ DĨ AN
HBNATK,NAN,4684,HUYỆN TÂN KỲ
TXM,HNI,1200,QUẬN THANH XUÂN
BDM,HCM,7310,HUYỆN HÓC MÔN
PCD,HNI,1280,QUẬN BẮC TỪ LIÊM
CH0138,HBH,3537,HUYỆN CAO PHONG
HBHNGL,HNI,1310,HUYỆN GIA LÂM
CHLDPH,LDG,6710,THÀNH PHỐ ĐÀ LẠT
LSN001,LSN,2410,THÀNH PHỐ LẠNG SƠN
MLC,NDH,4239,HUYỆN MỸ LỘC
HBHDTM,HDG,1758,HUYỆN THANH MIỆN
CHKKY,HNI,1310,HUYỆN GIA LÂM
HBGLAK,GLI,6024,THỊ XÃ AN KHÊ
HBHCBC,HCM,7380,HUYỆN BÌNH CHÁNH
XPG,HNI,1260,QUẬN NAM TỪ LIÊM
HBDLHT,DLK,6310,THÀNH PHỐ BUÔN MA THUỘT
CH0640,TNH,,
CH0052,LSN,2425,HUYỆN VĂN LÃNG
CH0581,DKG,6421,HUYỆN KRÔNG NÔ
THSN,VPC,2810,THÀNH PHỐ VĨNH YÊN
HBTNDA,TNN,2544,HUYỆN ĐỊNH HÓA
HANG,QNM,5638,THÀNH PHỐ HỘI AN
HBHT04,HCM,7620,QUẬN BÌNH TÂN
CH0663,AGG,,
CH0011,BKN,,
TRCG,HNI,,
11907,HNI,1100,QUẬN HOÀN KIẾM
NHHI,NTN,6626,HUYỆN NINH HẢI
CH0228,HNM,,
ANP,BDG,8239,THÀNH PHỐ THUẬN AN
BATN,VPC,2812,HUYỆN BÌNH XUYÊN
HBVLBT,VLG,8938,HUYỆN BÌNH TÂN
PTI,BDH,5910,THÀNH PHỐ QUI NHƠN
STG01,STG,9510,THÀNH PHỐ SÓC TRĂNG
HBQNTY,QNH,2056,HUYỆN TIÊN YÊN
BCDGG,HNI,1310,HUYỆN GIA LÂM
NNX,HNI,1200,QUẬN THANH XUÂN
CH0676,BLU,,
CH0206,YBN,,
OSLSN,LSN,2410,THÀNH PHỐ LẠNG SƠN
MYH,LAN,8537,HUYỆN ĐỨC HÒA
VTU,VTU,7910,THÀNH PHỐ VŨNG TÀU
KVKDMT,FFM,,
NMD,HUE,5364,HUYỆN NAM ĐÔNG
HNINTL,HNI,,
CHGLAP,GLI,6053,THỊ XÃ AYUN PA
TYU,HNI,1280,QUẬN BẮC TỪ LIÊM
HBNDNT,NDH,4246,HUYỆN NAM TRỰC
HBVTVT,VTU,7910,THÀNH PHỐ VŨNG TÀU
CMI,AGG,8816,HUYỆN CHỢ MỚI
HNM,HNM,4010,THÀNH PHỐ PHỦ LÝ
SBDH,LOG,1180,QUẬN BA ĐÌNH
TVV,HNI,1120,QUẬN HAI BÀ TRƯNG
HUHA,HNI,1340,HUYỆN THANH TRÌ
HPU,VLG,8913,HUYỆN LONG HỒ
SNTY,QBH,5139,HUYỆN LỆ THỦY
SMS,THA,4420,THÀNH PHỐ SẦM SƠN
DNGTCH,DNG,5542,Quận Thanh Khê
VLGHT,VLG,,
CH0759,TVH,,
TBHTHG,TBH,4121,HUYỆN ĐÔNG HƯNG
CH0202,YBN,,
TNB,LOG,,
QNIBTO,QNI,5732,HUYỆN BA TƠ
QTITPG,QTI,5233,HUYỆN TRIỆU PHONG
ADV,HCM,7480,QUẬN 5
HNI002,HNI,,
DGN,HNI,,
HBGLCS,GLI,6047,HUYỆN CHƯ SÊ
D00374,HCM,,
CH0077,HCM,7380,HUYỆN BÌNH CHÁNH
CH0707,DTP,,
HBBTTP,BTE,9330,HUYỆN THẠNH PHÚ
HTH,HTH,4810,THÀNH PHỐ HÀ TĨNH
PLM,HNI,1510,QUẬN HÀ ĐÔNG
QNILHA,QNI,5740,HUYỆN TƯ NGHĨA
HBHGDV,HGG,3126,HUYỆN ĐỒNG VĂN
CH0603,DNI,,
CH0383,HUE,,
HBHNST,HNI,1540,THỊ XÃ SƠN TÂY
DTNBN3,LOG,,
ANDG,HPG,1848,HUYỆN AN DƯƠNG
CH0594,DNI,,
KGM,HNI,1200,QUẬN THANH XUÂN
HNI012,HNI,,
CH0042,HGG,,
CHPLT,HNI,1200,QUẬN THANH XUÂN
HBPYTA,PYN,6216,HUYỆN TUY AN
HBBTHN,BTN,8031,HUYỆN HÀM THUẬN NAM
HBHG,HBH,3510,THÀNH PHỐ HÒA BÌNH
CH0073,TQG,,
QNH003,QNH,2010,THÀNH PHỐ HẠ LONG
TBH,TBH,4110,THÀNH PHỐ THÁI BÌNH
CH0021,CBG,,
ANHA,KGG,9210,THÀNH PHỐ RẠCH GIÁ
DHMGSN,HNI,1270,QUẬN HOÀNG MAI
CH0683,CMU,,
CH0217,HDG,,
CH0333,QBH,,
HBHDBG,HDG,1751,HUYỆN BÌNH GIANG
HBPTPN,PHO,2923,HUYỆN PHÙ NINH
HBHGHP,HGG,3139,HUYỆN HOÀNG SU PHÌ
HBQNUB,QNH,2079,THÀNH PHỐ UÔNG BÍ
OSHPG,HPG,,
CH0700,DTP,,
HDH,HNI,1200,QUẬN THANH XUÂN
DVN,HNM,4023,THỊ XÃ DUY TIÊN
TTM,VTU,7910,THÀNH PHỐ VŨNG TÀU
TTKT4,LOG,9028,QUẬN BÌNH THỦY
HBTBQP,TBH,4136,HUYỆN QUỲNH PHỤ
P00061,HCM,,
GAT,HNI,1250,QUẬN LONG BIÊN
CH0599,DNI,,
ATY,BDG,8231,THỊ XÃ BẾN CÁT
CH0720,HUG,9125,HUYỆN CHÂU THÀNH A
15808,VPC,,
CH0638,TNH,8419,HUYỆN TÂN CHÂU
HBHYHY,HYN,1610,THÀNH PHỐ HƯNG YÊN
CHPDH,HCM,7510,QUẬN 8
HNI014,HNI,1220,QUẬN CẦU GIẤY
CH0481,DLK,6327,HUYỆN KRÔNG PẮK
CH0664,AGG,,
CH0705,DTP,8740,HUYỆN CAO LÃNH
CH0145,LCI,,
CH0565,BPC,,
HBHUHT,HUE,5361,THỊ XÃ HƯƠNG THỦY
HBKGVT,KGG,9232,HUYỆN VĨNH THUẬN
HBDNNT,DNI,8158,HUYỆN NHƠN TRẠCH
11312,HNI,,
HCGY01,HNI,1220,QUẬN CẦU GIẤY
STLM,LOG,1260,QUẬN NAM TỪ LIÊM
LOGCMT,LOG,5510,QUẬN HẢI CHÂU
CH0769,VLG,,
CH0597,DNI,,
THAQSN,THA,4529,HUYỆN QUAN SƠN
HBBDHT,BDG,8210,THÀNH PHỐ THỦ DẦU MỘT
HYNTTN,HYN,1638,HUYỆN VĂN GIANG
HIB,VTU,7956,THỊ XÃ PHÚ MỸ
HBVLVM,VLG,8929,HUYỆN VŨNG LIÊM
HBQTHL,QTI,5238,HUYỆN HẢI LĂNG
KVMB01,FFM,1553,HUYỆN THẠCH THẤT
HNITXN,HNI,,
11515,HNI,,
HBQNBN,QNM,,
CH0436,QNM,5627,HUYỆN DUY XUYÊN
CH0283,TBH,,
CH0577,BTE,9321,HUYỆN MỎ CÀY NAM
D00127,BTE,,
AGG,AGG,8810,THÀNH PHỐ LONG XUYÊN
HBDLKK,DLK,6347,HUYỆN KRÔNG BÚK
DTHNI,CNTCT,1220,QUẬN CẦU GIẤY
HBBGYD,BGG,2372,HUYỆN YÊN DŨNG
GMY,HCM,7620,QUẬN BÌNH TÂN
CHCUT,KGG,9230,HUYỆN CHÂU THÀNH
CH0130,DBN,,
CH0151,LCI,,
CH0127,DBN,,
CDO,CTO,9046,HUYỆN CỜ ĐỎ
BYN,LCI,3316,HUYỆN SI MA CAI
HBTHTG,THA,4565,THỊ XÃ NGHI SƠN
HBVPBX,VPC,2812,HUYỆN BÌNH XUYÊN
SIT,HCM,7150,QUẬN 9
KDH,HNI,1200,QUẬN THANH XUÂN
CH0193,VPC,2815,HUYỆN TAM DƯƠNG
CH0276,QNH,,
COGO,TGG,8620,HUYỆN CHỢ GẠO
HMK,BTN,8031,HUYỆN HÀM THUẬN NAM
QU11,HCM,7430,QUẬN 11
QGTN,HNI,1390,HUYỆN SÓC SƠN
HBSLSL,SLA,3610,THÀNH PHỐ SƠN LA
PHT,BTN,8010,THÀNH PHỐ PHAN THIẾT
OSBGG,BGG,2310,THÀNH PHỐ BẮC GIANG
OSGLI,GLI,6010,THÀNH PHỐ PLEIKU
CH0299,HTH,,
GRI,BLU,9626,THỊ XÃ GIÁ RAI
CSE,GLI,6047,HUYỆN CHƯ SÊ
KVMB03,FFM,,
HBTNPL,TNN,2538,HUYỆN PHÚ LƯƠNG
HNI029,HNI,,
PDN,HNI,1280,QUẬN BẮC TỪ LIÊM
PMKT,CNTCT,,
CH0147,LCI,,
CH0144,HBH,,
OSTQG,TQG,3010,THÀNH PHỐ TUYÊN QUANG
CH0620,TGG,,
KVMB06,FFM,,
HBBKPN,BKN,2643,HUYỆN PẮC NẶM
KVMB05,FFM,,
TKTY,DNG,5557,QUẬN LIÊN CHIỂU
HBLDLH,LDG,6728,HUYỆN LÂM HÀ
CGG,HCM,7100,QUẬN 1
CH0133,HBH,3522,HUYỆN ĐÀ BẮC
CH0003,BGG,,
CH0311,NAN,4610,THÀNH PHỐ VINH
CH0393,KTM,,
DSKV3,LOG,7290,QUẬN 12
HBKHCR,KHA,6544,THÀNH PHỐ CAM RANH
HBDTLV,DTP,8728,HUYỆN LAI VUNG
HNIHKM,HNI,1100,QUẬN HOÀN KIẾM
CLI,HCM,7130,QUẬN 2
BCGG,LCI,3316,HUYỆN SI MA CAI
ADG,HPG,1848,HUYỆN AN DƯƠNG
HBDNCM,DNI,8161,HUYỆN CẨM MỸ
ABC,HCM,7360,QUẬN TÂN BÌNH
HBQN10,HCM,7400,QUẬN 10
CH0653,AGG,8810,THÀNH PHỐ LONG XUYÊN
CH0583,DKG,,
CH0648,VTU,,
HBKTPP,KTM,5810,THÀNH PHỐ KON TUM
CUPH,GLI,6067,HUYỆN CHƯ PƯH
HBNDHH,NDH,4282,HUYỆN HẢI HẬU
LCT,HBH,3558,HUYỆN LẠC THỦY
BLI,HCM,7170,QUẬN BÌNH THẠNH
CH0098,HCM,,
TCB,HNI,1180,QUẬN BA ĐÌNH
LOGMT,LOG,,
CH0489,DLK,,
CH0425,QNM,5651,HUYỆN PHƯỚC SƠN
CH0747,STG,,
CH0636,TNH,8417,HUYỆN DƯƠNG MINH CHÂU
LEC,HPG,1836,QUẬN LÊ CHÂN
HBHYVL,HYN,1635,HUYỆN VĂN LÂM
HBDNHC,DNG,5510,QUẬN HẢI CHÂU
HBQU11,HCM,7430,QUẬN 11
QU8,HCM,7510,QUẬN 8
KVPVH,FFM,,
KVMN03,FFM,,
CH0449,QTI,,
CH0447,QTI,,
HBBDBU,BDG,8247,HUYỆN BẮC TÂN UYÊN
CH0117,HCM,7600,QUẬN TÂN PHÚ
HBLABL,LAN,8523,HUYỆN BẾN LỨC
D00425,HCM,,
HBHNMD,HNI,1576,HUYỆN MỸ ĐỨC
PTKSP,CNTCT,1220,QUẬN CẦU GIẤY
YVN,HNI,1310,HUYỆN GIA LÂM
APA,GLI,6053,THỊ XÃ AYUN PA
DDI,CMU,9730,HUYỆN ĐẦM DƠI
CH0286,TBH,,
HBVLVL,VLG,8910,THÀNH PHỐ VĨNH LONG
CH0112,HCM,7590,HUYỆN CẦN GIỜ
LEHP,HPG,1818,QUẬN NGÔ QUYỀN
HBLATG,LAN,8553,HUYỆN TÂN HƯNG
HBTHNL,THA,4516,HUYỆN NGỌC LẶC
CNE,HNI,1280,QUẬN BẮC TỪ LIÊM
HBHCCC,HCM,7330,HUYỆN CỦ CHI
DMO,HNI,1260,QUẬN NAM TỪ LIÊM
CH0349,THA,,
TX1,HNI,1200,QUẬN THANH XUÂN
CH0178,SLA,,
BHNH,HDG,1710,THÀNH PHỐ HẢI DƯƠNG
QTT,TNN,2510,THÀNH PHỐ THÁI NGUYÊN
HBYBTT,YBN,3259,HUYỆN TRẠM TẤU
HBHBDB,HBH,3522,HUYỆN ĐÀ BẮC
HNI031,HNI,,
HBHCQ4,HCM,7540,QUẬN 4
LGP,HNI,1557,HUYỆN QUỐC OAI
CH0437,QNM,,
CH0482,DLK,,
OSKHA,KHA,,
VKM,TGG,8634,HUYỆN CHÂU THÀNH
HBBTMN,BTE,9321,HUYỆN MỎ CÀY NAM
HBPTTN,PHO,2940,HUYỆN TAM NÔNG
GVPLQD,HCM,,
XHG,HCM,7360,QUẬN TÂN BÌNH
A98,FFM,8110,THÀNH PHỐ BIÊN HÒA
TT1HCM,HCM,7290,QUẬN 12
HBHNMK,HNI,1280,QUẬN BẮC TỪ LIÊM
CH0191,VPC,2812,HUYỆN BÌNH XUYÊN
CH0319,NAN,4662,HUYỆN YÊN THÀNH
BTEG,BTE,9310,THÀNH PHỐ BẾN TRE
TNLD,HNI,1270,QUẬN HOÀNG MAI
CH0729,KGG,,
HNA,LAN,8537,HUYỆN ĐỨC HÒA
POM,BNH,2210,THÀNH PHỐ BẮC NINH
HBPYDH,PYN,6230,HUYỆN ĐÔNG HÒA
HBHPHA,HPG,1875,QUẬN HẢI AN
TKN,HCM,7380,HUYỆN BÌNH CHÁNH
NDUG,HNI,1310,HUYỆN GIA LÂM
CH0506,GLI,6026,HUYỆN KBANG
CH0721,HUG,9118,HUYỆN PHỤNG HIỆP
BTE,BTE,9310,THÀNH PHỐ BẾN TRE
HBDNLT,DNI,8153,HUYỆN LONG THÀNH
HBBNQV,BNH,2228,HUYỆN QUẾ VÕ
COG,QNH,2032,THÀNH PHỐ CẨM PHẢ
HNI001,HNI,,
TMP,DNI,8110,THÀNH PHỐ BIÊN HÒA
CH0644,VTU,7946,HUYỆN ĐẤT ĐỎ
HBTVTV,TVH,9410,THÀNH PHỐ TRÀ VINH
SDNG,DNG,5542,QUẬN THANH KHÊ
HBHGMV,HGG,3121,HUYỆN MÈO VẠC
HHAG03,HNI,1510,QUẬN HÀ ĐÔNG
GLG,BTE,9313,HUYỆN CHÂU THÀNH
ANB,FFM,8110,THÀNH PHỐ BIÊN HÒA
MTGG,LOG,5574,QUẬN CẨM LỆ
CH0029,CBG,,
QNMAS,QNM,5610,THÀNH PHỐ TAM KỲ
HBDNXL,DNI,8139,HUYỆN XUÂN LỘC
HBAGAP,AGG,8837,HUYỆN AN PHÚ
HNI015,HNI,,
QTN,HPG,1810,QUẬN HỒNG BÀNG
TUHP,HNI,1340,HUYỆN THANH TRÌ
CH0554,BDG,,
HBLCDK,LCU,,
DHT,HCM,7290,QUẬN 12
HBTHTT,THA,4470,HUYỆN THẠCH THÀNH
HBCTVT,CTO,9050,HUYỆN VĨNH THẠNH
TTNI,HCM,7310,HUYỆN HÓC MÔN
PYN,PYN,6210,THÀNH PHỐ TUY HÒA
HBCBBM,CBG,2767,HUYỆN BẢO LÂM
HBNBYK,NBH,4345,HUYỆN YÊN KHÁNH
LOGMN,LOG,7360,QUẬN TÂN BÌNH
OSVPC,VPC,2810,THÀNH PHỐ VĨNH YÊN
CH0463,BDH,,
HBGLIG,GLI,6034,HUYỆN IA GRAI
QNINHH,QNI,5729,HUYỆN NGHĨA HÀNH
CHLDCT,LDG,6755,HUYỆN CÁT TIÊN
NBI,HNI,1390,HUYỆN SÓC SƠN
CH0379,HUE,5357,HUYỆN A LƯỚI
CH0285,TBH,,
HDG,HDG,1710,THÀNH PHỐ HẢI DƯƠNG
CH0403,QNI,5729,HUYỆN NGHĨA HÀNH
TCM,NTN,6610,THÀNH PHỐ PHAN RANG-THÁP CHÀM
HBBDHN,BDH,5932,HUYỆN HOÀI NHƠN
DSKV4,LOG,9028,QUẬN BÌNH THỦY
HBBNLT,BNH,2235,HUYỆN LƯƠNG TÀI
HBHBKB,HBH,3551,HUYỆN KIM BÔI
HBQNBM,QNM,5636,HUYỆN BẮC TRÀ MY
NTU,HCM,7620,QUẬN BÌNH TÂN
CHDNI,HNI,1510,QUẬN HÀ ĐÔNG
CHNVL,HNI,1250,QUẬN LONG BIÊN
DTDG,HNI,1150,QUẬN ĐỐNG ĐA
CH0332,NBH,,
NQNG,HPG,1818,QUẬN NGÔ QUYỀN
KVKDMB,FFM,,
CHBHNI,HCM,7380,HUYỆN BÌNH CHÁNH
CH0107,HCM,7480,QUẬN 5
HBHNTO,HNI,1567,HUYỆN THANH OAI
HBDTCL,DTP,8710,THÀNH PHỐ CAO LÃNH
KVMB08,FFM,1200,QUẬN THANH XUÂN
HUBTRH,HNI,1220,QUẬN CẦU GIẤY
CH0749,STG,,
CH0660,AGG,,
HBNATD,NAN,4733,HUYỆN TƯƠNG DƯƠNG
HN04,HNI,1340,HUYỆN THANH TRÌ
QU7,HCM,7560,QUẬN 7
BNH01,BNH,2221,THỊ XÃ TỪ SƠN
BLU01,BLU,9610,THÀNH PHỐ BẠC LIÊU
HBKGSX,KGG,9216,HUYỆN HÒN ĐẤT
MOK,QNH,2086,THỊ XÃ ĐÔNG TRIỀU
TAT,DLK,6310,THÀNH PHỐ BUÔN MA THUỘT
DVCTNB,LOG,9028,QUẬN BÌNH THỦY
SHKM,LOG,1100,QUẬN HOÀN KIẾM
HBNAYT,NAN,4662,HUYỆN YÊN THÀNH
QU2,HCM,7621,THÀNH PHỐ THỦ ĐỨC
HUBQU6,HCM,7460,QUẬN 6
HUBVTY,HNI,1120,QUẬN HAI BÀ TRƯNG
CH0046,LSN,,
CH0743,STG,,
15113,VPC,,
TNNTLG,TNN,2510,THÀNH PHỐ THÁI NGUYÊN
HBCMNH,CMU,9734,HUYỆN NGỌC HIỂN
HBQBTH,QBH,5128,HUYỆN TUYÊN HÓA
HBNBNB,NBH,4310,THÀNH PHỐ NINH BÌNH
QGTH,QBH,5122,HUYỆN QUẢNG TRẠCH
HBBPDX,BPC,8310,THÀNH PHỐ ĐỒNG XOÀI
TTQU9,HCM,,
TKC,HNI,1120,QUẬN HAI BÀ TRƯNG
LKE,HNI,1510,QUẬN HÀ ĐÔNG
TN3,CNTCT,,
CH0131,DBN,,
CH0607,LAN,8510,THÀNH PHỐ TÂN AN
HKH,DNG,5557,QUẬN LIÊN CHIỂU
HBKHNH,KHA,6529,THỊ XÃ NINH HÒA
VHG,HNI,1270,QUẬN HOÀNG MAI
QNMQSN,QNM,5630,HUYỆN QUẾ SƠN
HCMVC,HCM,,
CH0487,DLK,6356,HUYỆN EA H'LEO
KVMN02,FFM,7100,QUẬN 1
TCU,TNH,8419,HUYỆN TÂN CHÂU
HBVPVT,VPC,2823,HUYỆN VĨNH TƯỜNG
HBNBTD,NBH,4333,THÀNH PHỐ TAM ĐIỆP
PKU,GLI,6010,THÀNH PHỐ PLEIKU
GLM,HNI,1310,HUYỆN GIA LÂM
KNQN,CNTCT,,
CH0467,BTN,,
OSBTE,BTE,9310,THÀNH PHỐ BẾN TRE
GLIVC,GLI,6010,THÀNH PHỐ PLEIKU
CH0730,KGG,,
CH0615,LAN,,
CH0126,DBN,,
86451,BTE,,
HLN,LCI,3334,THÀNH PHỐ LÀO CAI
KTDLC,DLK,6310,THÀNH PHỐ BUÔN MA THUỘT
HBNBNQ,NBH,4326,HUYỆN NHO QUAN
GDN,LAN,8523,HUYỆN BẾN LỨC
CHNDT,HNI,1270,QUẬN HOÀNG MAI
KTGLI,GLI,6010,THÀNH PHỐ PLEIKU
HBBTTL,BTN,8034,HUYỆN TÁNH LINH
TSNI,HCM,7600,QUẬN TÂN PHÚ
TKY,HCM,7310,HUYỆN HÓC MÔN
STXN,LOG,1200,QUẬN THANH XUÂN
OCD,HNI,1150,QUẬN ĐỐNG ĐA
CH0537,NTN,,
CH0288,TBH,,
OSBLU,BLU,,
HBBNTS,BNH,2221,THỊ XÃ TỪ SƠN
HTG,THA,4444,HUYỆN HÀ TRUNG
HBKGUT,KGG,9246,HUYỆN U MINH THƯỢNG
DTP,DTP,8710,THÀNH PHỐ CAO LÃNH
HBLCTG,LCU,3911,HUYỆN TAM ĐƯỜNG
CH270,HCM,7360,QUẬN TÂN BÌNH
CH0086,HCM,7250,QUẬN PHÚ NHUẬN
KKY,HNI,1310,HUYỆN GIA LÂM
BDA,CNTCT,,
BBG,BDG,8248,HUYỆN BÀU BÀNG
CH0457,BDH,5938,HUYỆN AN LÃO
CH0156,LCU,3915,HUYỆN PHONG THỔ
CH0590,DNI,8164,HUYỆN TRẢNG BOM
76206,DNI,,
HBHYKD,HYN,1622,HUYỆN KIM ĐỘNG
GLH,QTI,5214,HUYỆN GIO LINH
YBIG,YBN,3210,THÀNH PHỐ YÊN BÁI
TDE,HPG,1848,HUYỆN AN DƯƠNG
LCIKDT,LCI,3334,THÀNH PHỐ LÀO CAI
VQH,HNI,1340,HUYỆN THANH TRÌ
QGG,HNI,1510,QUẬN HÀ ĐÔNG
HBYBYB,YBN,3210,THÀNH PHỐ YÊN BÁI
YBI,YBN,3210,THÀNH PHỐ YÊN BÁI
OSBTN,BTN,8010,THÀNH PHỐ PHAN THIẾT
CH0410,QNI,5714,HUYỆN LÝ SƠN
CH0214,HDG,,
HBSTST,STG,9510,THÀNH PHỐ SÓC TRĂNG
THATSN,THA,4410,THÀNH PHỐ THANH HÓA
HBKTKP,KTM,5820,HUYỆN KON PLÔNG
TTNAN,NAN,4743,HUYỆN HƯNG NGUYÊN
HGV,HCM,7460,QUẬN 6
HBHNDD,HNI,1150,QUẬN ĐỐNG ĐA
CH0234,HPG,,
CH0427,QNM,5655,HUYỆN ĐÔNG GIANG
CH0479,DLK,,
D00330,CTO,,
THAG1,THA,4410,THÀNH PHỐ THANH HÓA
GHD,KGG,9222,HUYỆN PHÚ QUỐC
DIK,HNI,1270,QUẬN HOÀNG MAI
HBAGCM,AGG,8816,HUYỆN CHỢ MỚI
TDC,HCM,7200,QUẬN THỦ ĐỨC
HBHNCL,HNI,1150,QUẬN ĐỐNG ĐA
TTDAD,LOG,5574,QUẬN CẨM LỆ
CH0477,DLK,6327,HUYỆN KRÔNG PẮK
CH0741,STG,9520,HUYỆN KẾ SÁCH
CH0774,VLG,8917,HUYỆN TAM BÌNH
HBTHNX,THA,4551,HUYỆN NHƯ XUÂN
BMT,DLK,6310,THÀNH PHỐ BUÔN MA THUỘT
ALI,HUE,5357,HUYỆN A LƯỚI
LBH,DNI,8110,THÀNH PHỐ BIÊN HÒA
LHG,HCM,7200,QUẬN THỦ ĐỨC
CCSN,HNI,1561,HUYỆN CHƯƠNG MỸ
OSTVH,TVH,9410,THÀNH PHỐ TRÀ VINH
TNHCTH,TNH,8424,HUYỆN CHÂU THÀNH
HBTNDH,TNN,2525,HUYỆN ĐỒNG HỶ
SCGY,LOG,1220,QUẬN CẦU GIẤY
HBBTGT,BTE,9326,HUYỆN GIỒNG TRÔM
KVMB07,FFM,,
HBHNYN,HNI,1510,QUẬN HÀ ĐÔNG
CH0775,HNI,,
CH0549,PYN,6234,HUYỆN PHÚ HÒA
CH0271,QNH,2056,HUYỆN TIÊN YÊN
CH0347,THA,4534,HUYỆN THƯỜNG XUÂN
CH0163,LCU,,
HBDLCK,DLK,6380,HUYỆN CƯ KUIN
DGD,KGG,9222,HUYỆN PHÚ QUỐC
VIH,NAN,4610,THÀNH PHỐ VINH
PQG,HCM,7360,QUẬN TÂN BÌNH
YDG,BGG,2372,HUYỆN YÊN DŨNG
HGB,HNI,1150,QUẬN ĐỐNG ĐA
CH0665,AGG,8822,HUYỆN CHÂU THÀNH
BHHG,HCM,7380,HUYỆN BÌNH CHÁNH
HBKTST,KTM,5835,HUYỆN SA THẦY
BDGTHA,BDG,8223,THỊ XÃ TÂN UYÊN
KTQNM,QNM,5616,HUYỆN THĂNG BÌNH
THG,HCM,7560,QUẬN 7
NKH,HNI,1180,QUẬN BA ĐÌNH
DLH,LDG,6737,HUYỆN DI LINH
CH0420,QNM,,
CHHTC,HNI,1270,QUẬN HOÀNG MAI
TQB,HCM,7510,QUẬN 8
CNG,TVH,9435,HUYỆN CẦU NGANG
FFMKD,FFM,,
CH0146,LCI,,
CHNT,HNI,1240,QUẬN TÂY HỒ
HBTVCK,TVH,9421,HUYỆN CẦU KÈ
CH0185,SLA,,
HBTNVS,TNH,,
QU6,HCM,7460,QUẬN 6
KVKDMN,FFM,,
12007,HNI,,
TYG,HNI,1280,QUẬN BẮC TỪ LIÊM
DVCMTG,LOG,5574,QUẬN CẨM LỆ
CHLACG,LAN,8531,HUYỆN CẦN GIUỘC
CH0465,BTN,,
CH0545,PYN,,
CH0152,LCI,,
11415,HNI,,
HBHNTT,HNI,1553,HUYỆN THẠCH THẤT
HBLCBY,LCI,3353,HUYỆN BẢO YÊN
LHA,HNI,1180,QUẬN BA ĐÌNH
HBTHCT,THA,4476,HUYỆN CẨM THỦY
LMS,THA,4497,HUYỆN THỌ XUÂN
HBDKDR,DKG,6413,HUYỆN ĐẮK RLẤP
CH0141,HBH,3517,HUYỆN LƯƠNG SƠN
CH0183,SLA,3624,HUYỆN YÊN CHÂU
CH0758,TVH,,
YBN01,YBN,3210,THÀNH PHỐ YÊN BÁI
OSCMU,CMU,,
CH0588,DKG,6416,HUYỆN ĐẮK SONG
XLA,HNI,1240,QUẬN TÂY HỒ
CH0031,CBG,,
LAN,LAN,8510,THÀNH PHỐ TÂN AN
CH0067,TQG,,
CH0257,NDH,,
CH0444,QTI,,
CH0717,HUG,,
NGO,HUE,5310,THÀNH PHỐ HUẾ
DNIPTI,DNI,8153,HUYỆN LONG THÀNH
CH0035,HGG,,
HBTQYS,TQG,3010,THÀNH PHỐ TUYÊN QUANG
NDH,NDH,4210,THÀNH PHỐ NAM ĐỊNH
CH0509,GLI,6042,HUYỆN CHƯ PRÔNG
CH0256,NDH,4257,HUYỆN Ý YÊN
CH0579,BTE,,
HBQTCL,QTI,5223,HUYỆN CAM LỘ
CH0034,HGG,,
CH0635,TNH,,
GLIKPA,GLI,,
76314,DNI,,
CH0048,LSN,,
CH0456,BDH,,
HBQNQS,QNM,5630,HUYỆN QUẾ SƠN
CH0302,HTH,,
HBTHYD,THA,4462,HUYỆN YÊN ĐỊNH
ND1,FFM,1280,QUẬN BẮC TỪ LIÊM
HBHUHA,HUE,5353,THỊ XÃ HƯƠNG TRÀ
HBH,HBH,3510,THÀNH PHỐ HÒA BÌNH
HTYN,HPG,1830,HUYỆN THỦY NGUYÊN
HBLDBL,LDG,6747,THÀNH PHỐ BẢO LỘC
11918,HNI,,
XDH,HNI,1280,QUẬN BẮC TỪ LIÊM
CHCKO,THA,4564,HUYỆN TĨNH GIA
CH0204,YBN,,
CH0602,DNI,,
CH0140,HBH,,
CH0298,HTH,,
DNIBMH,DNI,8164,HUYỆN TRẢNG BOM
HBBLHD,BLU,9624,HUYỆN HỒNG DÂN
HBTHVL,THA,4467,HUYỆN VĨNH LỘC
HBNDNH,NDH,4265,HUYỆN NGHĨA HƯNG
CH0092,HCM,,
PKG,HNI,1260,QUẬN NAM TỪ LIÊM
HBBNBN,BNH,2210,THÀNH PHỐ BẮC NINH
CH0570,BPC,8339,THỊ XÃ PHƯỚC LONG
CH0435,QNM,,
CH0175,PHO,2929,HUYỆN LÂM THAO
HBDNLC,DNG,5557,QUẬN LIÊN CHIỂU
HBAGCP,AGG,8828,HUYỆN CHÂU PHÚ
HBCMDD,CMU,9730,HUYỆN ĐẦM DƠI
THAQHA,THA,4526,HUYỆN QUAN HÓA
BNH,BNH,2210,THÀNH PHỐ BẮC NINH
CH0090,HCM,7290,QUẬN 12
HNI008,HNI,1510,QUẬN HÀ ĐÔNG
DCH,HNI,1270,QUẬN HOÀNG MAI
HBDBDB,DBN,3810,THÀNH PHỐ ĐIỆN BIÊN PHỦ
COLH,BTE,9317,HUYỆN CHỢ LÁCH
CH0493,GLI,,
HBDKDS,DKG,6416,HUYỆN ĐẮK SONG
HBCBTK,CBG,2727,HUYỆN TRÙNG KHÁNH
NBH01,NBH,4310,THÀNH PHỐ NINH BÌNH
HBHMBL,HNM,4038,HUYỆN BÌNH LỤC
BTO,HCM,7510,QUẬN 8
TVH,TVH,9410,THÀNH PHỐ TRÀ VINH
HBHNCG,HNI,1220,QUẬN CẦU GIẤY
TTHDG,HDG,1710,THÀNH PHỐ HẢI DƯƠNG
HBTNDTY,TNN,,
CH0388,HUE,5310,THÀNH PHỐ HUẾ
CH0616,LAN,8531,HUYỆN CẦN GIUỘC
CH0715,HUG,9127,HUYỆN CHÂU THÀNH
SCG,TNN,2564,THÀNH PHỐ SÔNG CÔNG
THALCH,THA,4523,HUYỆN LANG CHÁNH
HBPTDH,PHO,2949,HUYỆN ĐOAN HÙNG
ANH,HUE,5310,THÀNH PHỐ HUẾ
BHMH,LDG,6710,THÀNH PHỐ ĐÀ LẠT
HNI025,HNI,1200,QUẬN THANH XUÂN
AKH,HNI,1529,HUYỆN HOÀI ĐỨC
KLN,HNI,1150,QUẬN ĐỐNG ĐA
HQV,HNI,1220,QUẬN CẦU GIẤY
VBDG,LOG,,
CH0703,DTP,,
CH0171,PHO,,
CH0240,HPG,,
CH0421,QNM,5658,HUYỆN TÂY GIANG
HBTQNH,TQG,3048,HUYỆN NA HANG
HBSTKS,STG,9520,HUYỆN KẾ SÁCH
HBHDNS,HDG,1734,HUYỆN NAM SÁCH
ANTY,HCM,7330,HUYỆN CỦ CHI
HAB,BLU,9632,HUYỆN HÒA BÌNH
CH0066,TNN,,
OSHDG,HDG,1710,THÀNH PHỐ HẢI DƯƠNG
CH0173,PHO,,
TNCG,HNI,1280,QUẬN BẮC TỪ LIÊM
CH0381,HUE,,
CTC,HUG,9125,HUYỆN CHÂU THÀNH A
GRG,KGG,9238,HUYỆN GIỒNG RIỀNG
CH0564,BPC,8310,THÀNH PHỐ ĐỒNG XOÀI
PUCN,BNH,2221,THỊ XÃ TỪ SƠN
QNHTHD,QNH,2010,THÀNH PHỐ HẠ LONG
HBHYMH,HYN,1632,THỊ XÃ MỸ HÀO
HBLSBS,LSN,2450,HUYỆN BẮC SƠN
CH0797,HNI,1571,HUYỆN ỨNG HÒA
HUBTCH,HNI,1200,QUẬN THANH XUÂN
TXB,HNI,1200,QUẬN THANH XUÂN
OSTNH,TNH,,
TTSGN,LOG,7360,QUẬN TÂN BÌNH
HON3,DNI,8164,HUYỆN TRẢNG BOM
HBKGGQ,KGG,9235,HUYỆN GÒ QUAO
DHD,LAN,8537,HUYỆN ĐỨC HÒA
HUBTPU,HCM,7600,QUẬN TÂN PHÚ
CH0116,HCM,,
HNI018,HNI,1100,QUẬN HOÀN KIẾM
HKM,HNI,1100,QUẬN HOÀN KIẾM
HBHCQ6,HCM,7460,QUẬN 6
CH0706,DTP,,
CH0472,BTN,,
CH0646,VTU,7951,THÀNH PHỐ BÀ RỊA
CH0723,KGG,9246,HUYỆN U MINH THƯỢNG
BHC,HCM,7200,QUẬN THỦ ĐỨC
HBNDXT,NDH,4271,HUYỆN XUÂN TRƯỜNG
HBTVCL,TVH,9417,HUYỆN CÀNG LONG
HBBDLT,BDG,8239,THÀNH PHỐ THUẬN AN
KTBPC,BPC,8310,THÀNH PHỐ ĐỒNG XOÀI
12014,HNI,,
TTITPG,HNI,1585,HUYỆN THƯỜNG TÍN
QDN,HUE,5346,HUYỆN QUẢNG ĐIỀN
CH0414,QNI,5738,HUYỆN MỘ ĐỨC
OSCBG,CBG,2710,THÀNH PHỐ CAO BẰNG
KTHUE,HUE,5310,THÀNH PHỐ HUẾ
HBBTTG,BTN,8023,HUYỆN TUY PHONG
VUU,TBH,4149,HUYỆN VŨ THƯ
VXU,BTN,8037,HUYỆN ĐỨC LINH
HBHTHS,HTH,4856,HUYỆN HƯƠNG SƠN
BCT,BDG,8231,THỊ XÃ BẾN CÁT
CHQTG,HCM,7270,QUẬN GÒ VẤP
HNI013,HNI,1340,HUYỆN THANH TRÌ
CH0053,LSN,,
KTHYN,HYN,1629,HUYỆN YÊN MỸ
CH0494,GLI,6030,HUYỆN CHƯ PĂH
CH0558,BDG,,
CH0519,KHA,,
PLU,LCI,3341,HUYỆN BẢO THẮNG
HUG,HUG,9110,THÀNH PHỐ VỊ THANH
PSN,KHA,6510,THÀNH PHỐ NHA TRANG
HBBTDL,BTN,8037,HUYỆN ĐỨC LINH
HBTNAP,TNH,,
CH0102,HCM,7220,QUẬN 3
11412,HNI,,
CH0566,BPC,8325,HUYỆN LỘC NINH
CH0430,QNM,5647,HUYỆN ĐẠI LỘC
HUG01,HUG,9110,THÀNH PHỐ VỊ THANH
CH0480,DLK,6334,HUYỆN EA KAR
NUL,HPG,1830,HUYỆN THỦY NGUYÊN
CHCVI,NDH,4246,HUYỆN NAM TRỰC
CHVTPM,VTU,7956,THỊ XÃ PHÚ MỸ
HBBDPM,BDH,5928,HUYỆN PHÙ MỸ
CH0115,HCM,7430,QUẬN 11
11514,HNI,,
KMT,LCI,3316,HUYỆN SI MA CAI
LOGMB,LOG,,
CH0190,VPC,2834,THÀNH PHỐ PHÚC YÊN
CH0281,TBH,,
D00145,TNH,,
HBDNST,DNG,5533,QUẬN SƠN TRÀ
HBO,QNH,2072,HUYỆN HOÀNH BỒ
HBGLAP,GLI,6053,THỊ XÃ AYUN PA
HUBTHD,HNI,1100,QUẬN HOÀN KIẾM
11707,HNI,,
SHCH,LOG,,
CH0507,GLI,,
DBNDBN,DBN,3814,HUYỆN ĐIỆN BIÊN
DDG,LSN,2418,HUYỆN CAO LỘC
HABH,KTM,5810,THÀNH PHỐ KON TUM
HBKGCT,KGG,9230,HUYỆN CHÂU THÀNH
CH0289,HTH,,
CH0317,NAN,,
CH0400,KTM,5838,HUYỆN IA H'DRAI
CH0022,CBG,,
HBBPBP,BPC,8336,HUYỆN BÙ ĐỐP
CHBLDH,BLU,9629,HUYỆN ĐÔNG HẢI
HBNAQC,NAN,4697,HUYỆN QUỲ CHÂU
HBHDQT,HDG,,
OSBDG,BDG,,
BTH,HCM,7170,QUẬN BÌNH THẠNH
BVI,HNI,1547,HUYỆN BA VÌ
THPC,HCM,7360,Tân Bình
HBBGTY,BGG,2353,HUYỆN TÂN YÊN
HBHTKH,HTH,4884,HUYỆN KỲ ANH
HGCN,PHO,2982,HUYỆN THANH SƠN
HBBTPQ,BTN,8044,HUYỆN PHÚ QUÍ
TUS,BNH,2221,THỊ XÃ TỪ SƠN
KTTNH,TNH,8433,THỊ XÃ TRẢNG BÀNG
SGD,CMU,9723,HUYỆN TRẦN VĂN THỜI
HUBTXB,HNI,1200,QUẬN THANH XUÂN
CH0662,AGG,,
CHVLTB,VLG,8917,HUYỆN TAM BÌNH
LTH,DNI,8153,HUYỆN LONG THÀNH
CH0804,HNI,1240,QUẬN TÂY HỒ
CH0591,DNI,8146,HUYỆN TÂN PHÚ
HBHGXM,HGG,3144,HUYỆN XÍN MẦN
VVTU,LOG,,
BTL,HNI,1280,QUẬN BẮC TỪ LIÊM
KNH,KGG,9241,HUYỆN KIÊN HẢI
TGN,HCM,7360,QUẬN TÂN BÌNH
CLO,QTI,5223,HUYỆN CAM LỘ
CH0200,YBN,,
CH0451,BDH,,
TTQN1,HCM,7100,QUẬN 1
CH0556,BDG,,
CH0153,LCI,,
CHGMY,HCM,7620,QUẬN BÌNH TÂN
HBDLBD,DLK,6360,HUYỆN BUÔN ĐÔN
TVN,HNI,1260,QUẬN NAM TỪ LIÊM
CMPO,QNM,5638,Thành phố Hội An
CH0215,HDG,1742,THÀNH PHỐ CHÍ LINH
CH0505,GLI,6010,THÀNH PHỐ PLEIKU
11613,HNI,,
HBNTNH,NTN,6626,HUYỆN NINH HẢI
CH0647,VTU,,
CH0356,THA,4437,HUYỆN NGA SƠN
KVMB13,FFM,,
90506,AGG,,
HBLCTN,LCU,3929,HUYỆN THAN UYÊN
HBHYYM,HYN,1629,HUYỆN YÊN MỸ
HNI030,HNI,1120,QUẬN HAI BÀ TRƯNG
XAL,HNI,1510,QUẬN HÀ ĐÔNG
PDTU,CNTCT,,
CH0753,STG,9530,HUYỆN MỸ XUYÊN
CH0389,HUE,,
20226,HGG,,
CH0696,CTO,9060,HUYỆN THỚI LAI
26726,BGG,,
KAH,HTH,4884,HUYỆN KỲ ANH
QMH,HNI,1420,HUYỆN MÊ LINH
CH0434,QNM,,
OSVLG,VLG,8910,THÀNH PHỐ VĨNH LONG
50407,DNG,,
HBKGTH,KGG,9214,HUYỆN TÂN HIỆP
HBNANL,NAN,4626,HUYỆN NGHI LỘC
DHNITT,HNI,1150,QUẬN ĐỐNG ĐA
CHPTTI,HNI,1220,QUẬN CẦU GIẤY
CH0733,KGG,,
MCA,KHA,6544,THÀNH PHỐ CAM RANH
HBBTBD,BTE,9337,HUYỆN BÌNH ĐẠI
TQN,HCM,7220,QUẬN 3
DMY,TBH,4121,HUYỆN ĐÔNG HƯNG
TOI,HNI,1567,HUYỆN THANH OAI
CH0655,AGG,8846,HUYỆN THOẠI SƠN
HBDKGN,DKG,6410,THÀNH PHỐ GIA NGHĨA
HBBLPL,BLU,9621,HUYỆN PHƯỚC LONG
DKO,HCM,7100,QUẬN 1
DBNG,DBN,3810,THÀNH PHỐ ĐIỆN BIÊN PHỦ
HBKGAB,KGG,9224,HUYỆN AN BIÊN
TBM,DNI,8164,HUYỆN TRẢNG BOM
HBHNDA,HNI,1360,HUYỆN ĐÔNG ANH
HUBQNI,QNI,5710,THÀNH PHỐ QUẢNG NGÃI
BDP,BPC,8336,HUYỆN BÙ ĐỐP
HBHGLY,HUG,9110,THÀNH PHỐ VỊ THANH
XNLI,BNH,2232,HuyệnGia Bình
CH0216,HDG,1747,HUYỆN CẨM GIÀNG
CHDLKN,DLK,6352,HUYỆN KRÔNG NĂNG
STHO,LOG,1240,QUẬN TÂY HỒ
BLD,HNI,1270,QUẬN HOÀNG MAI
CILG,HDG,1742,THÀNH PHỐ CHÍ LINH
VLC,HCM,7380,HUYỆN BÌNH CHÁNH
HBC,HCM,7200,QUẬN THỦ ĐỨC
NKU,CTO,9010,QUẬN NINH KIỀU
TTIHBH,HNI,1585,HUYỆN THƯỜNG TÍN
CH0325,NBH,,
HBCMPT,CMU,9736,HUYỆN PHÚ TÂN
HBLSHL,LSN,2461,HUYỆN HỮU LŨNG
CH0119,HCM,7600,QUẬN TÂN PHÚ
11717,HNI,,
TNBH,HNI,1220,QUẬN CẦU GIẤY
CH0818,HNI,,
HBHDTK,HDG,1765,HUYỆN TỨ KỲ
HNICGY,HNI,,
HBCTAT,CTO,9028,QUẬN BÌNH THỦY
HBBLHB,BLU,9632,HUYỆN HÒA BÌNH
HNI005,HNI,1270,QUẬN HOÀNG MAI
CH0390,HUE,,
DGHI,QBH,5110,THÀNH PHỐ ĐỒNG HỚI
GOMK,HNI,1280,QUẬN BẮC TỪ LIÊM
K1HCM,FFM,7290,QUẬN 12
CH0542,NTN,,
CH0521,KHA,6510,THÀNH PHỐ NHA TRANG
HBLSCG,LSN,2456,HUYỆN CHI LĂNG
CH0239,HPG,,
CH0535,NTN,6630,HUYỆN THUẬN NAM
CH0684,CMU,,
BPU,HNI,1553,HUYỆN THẠCH THẤT
HBTGGD,TGG,8630,HUYỆN GÒ CÔNG ĐÔNG
MHO,HYN,1632,THỊ XÃ MỸ HÀO
DKG,DKG,6410,THÀNH PHỐ GIA NGHĨA
11406,HNI,,
VNC,HNI,1510,QUẬN HÀ ĐÔNG
HBHPDK,HPG,1890,QUẬN DƯƠNG KINH
HBLDDD,LDG,6725,HUYỆN ĐƠN DƯƠNG
CH0096,HCM,7330,HUYỆN CỦ CHI
TTHP,HCM,7290,QUẬN 12
LGD,VTU,7944,HUYỆN LONG ĐIỀN
CHTTNH,HNI,1340,HUYỆN THANH TRÌ
CH0461,BDH,,
SDG,HNI,1250,QUẬN LONG BIÊN
CHDGTD,DKG,6430,HUYỆN TUY ĐỨC
71010,HCM,,
QU3,HCM,7220,QUẬN 3
HBVPSL,VPC,2838,HUYỆN SÔNG LÔ
HYN,HYN,1610,THÀNH PHỐ HƯNG YÊN
VAN,DNI,8150,HUYỆN VĨNH CỬU
AKE,GLI,6024,THỊ XÃ AN KHÊ
76210,DNI,,
DHTM,BGG,2361,HUYỆN VIỆT YÊN
HUBVYN,BGG,2361,HUYỆN VIỆT YÊN
OSQNH,QNH,2010,THÀNH PHỐ HẠ LONG
CH0548,PYN,,
HBQNPN,QNM,5662,HUYỆN PHÚ NINH
APC,DNI,8153,HUYỆN LONG THÀNH
CH0108,HCM,,
MCN,BTE,9321,HUYỆN MỎ CÀY NAM
NDPN,CNTCT,,
OSYBN,YBN,3210,THÀNH PHỐ YÊN BÁI
CH0744,STG,,
OSTHA,THA,4410,THÀNH PHỐ THANH HÓA
CH0134,HBH,3548,HUYỆN YÊN THỦY
CH0158,LCU,,
HBHBMC,HBH,3533,HUYỆN MAI CHÂU
BNHO,GLI,6010,THÀNH PHỐ PLEIKU
LGTN,VTU,7951,THÀNH PHỐ BÀ RỊA
QGVP,HCM,7270,QUẬN GÒ VẤP
DVCBN3,LOG,7290,QUẬN 12
HAGTHA,HNI,1567,HUYỆN THANH OAI
CH0755,TVH,9426,HUYỆN CHÂU THÀNH
CH0315,NAN,,
CH0246,HYN,1632,THỊ XÃ MỸ HÀO
HBHTHL,HTH,4837,THỊ XÃ HỒNG LĨNH
TKYG,QNM,5610,THÀNH PHỐ TAM KỲ
DID,BDG,8210,THÀNH PHỐ THỦ DẦU MỘT
TNU,QNI,5710,THÀNH PHỐ QUẢNG NGÃI
D00140,LAN,,
GKM,DNI,8137,HUYỆN THỐNG NHẤT
CH0079,HCM,,
YNA,HNI,1510,QUẬN HÀ ĐÔNG
HKU,QNH,2010,THÀNH PHỐ HẠ LONG
LADG,HNI,1510,QUẬN HÀ ĐÔNG
CH0576,BTE,,
CH0687,CMU,,
CH0671,BLU,9615,HUYỆN VĨNH LỢI
CH0238,HPG,,
SVE,QNI,5740,HUYỆN TƯ NGHĨA
HBCBCB,CBG,2710,THÀNH PHỐ CAO BẰNG
MBCG,LOG,1280,QUẬN BẮC TỪ LIÊM
HBBNTT,BNH,2224,HUYỆN THUẬN THÀNH
TAB,HCM,7360,QUẬN TÂN BÌNH
CUMDDA,HNI,1150,QUẬN ĐỐNG ĐA
HBHMKB,HNM,4027,HUYỆN KIM BẢNG
CH0642,TNH,,
CH0312,NAN,4638,HUYỆN DIỄN CHÂU
D00307,LAN,,
HBVPLT,VPC,2818,HUYỆN LẬP THẠCH
THAMLT,THA,4532,HUYỆN MƯỜNG LÁT
HBQTHH,QTI,5226,HUYỆN HƯỚNG HÓA
HBBDBC,BDG,8231,THỊ XÃ BẾN CÁT
HBBDAL,BDH,5938,HUYỆN AN LÃO
CH0063,TNN,2525,HUYỆN ĐỒNG HỶ
CH0244,HYN,1635,HUYỆN VĂN LÂM
QU4,HCM,7540,QUẬN 4
HNMHH,HNM,,
HBDNHV,DNG,5564,HUYỆN HÒA VANG
DNIPTC,DNI,8142,HUYỆN ĐỊNH QUÁN
LHTY,HPG,1818,QUẬN NGÔ QUYỀN
HBTHBS,THA,4449,THỊ XÃ BỈM SƠN
CH0809,HNI,1250,QUẬN LONG BIÊN
HHAG02,HNI,1510,QUẬN HÀ ĐÔNG
HBHNDV,HNI,1220,QUẬN CẦU GIẤY
CH0685,CMU,9710,THÀNH PHỐ CÀ MAU
CH0196,VPC,,
CH0266,QNH,2063,HUYỆN ĐẦM HÀ
HAGTHAA,HNI,1567,Huyện Thanh Oai
HBBTPT,BTN,8010,THÀNH PHỐ PHAN THIẾT
CH0508,GLI,,
HBLSLB,LSN,2468,HUYỆN LỘC BÌNH
DVNG,HCM,,
HTHTSN,HTH,4856,HUYỆN HƯƠNG SƠN
PKDQT,LOG,1280,QUẬN BẮC TỪ LIÊM
CH0555,BDG,8210,THÀNH PHỐ THỦ DẦU MỘT
NSH,HDG,1734,HUYỆN NAM SÁCH
CH0342,THA,,
CH0652,AGG,8843,HUYỆN TRI TÔN
HGA,QTI,5226,HUYỆN HƯỚNG HÓA
HBNAQH,NAN,4690,HUYỆN QUỲ HỢP
TDHP,BDG,8246,THÀNH PHỐ DĨ AN
HBQTQT,QTI,5237,THỊ XÃ QUẢNG TRỊ
NSHG,HDG,1734,HUYỆN NAM SÁCH
TLC,HCM,7290,QUẬN 12
CAL,HNI,1150,QUẬN ĐỐNG ĐA
CH0209,BNH,2224,HUYỆN THUẬN THÀNH
NBN,LDG,6728,HUYỆN LÂM HÀ
HBDNBH,DNI,8110,THÀNH PHỐ BIÊN HÒA
HBBNTD,BNH,2218,HUYỆN TIÊN DU
HBKTDT,KTM,5825,HUYỆN ĐẮK TÔ
BHT,HCM,7620,QUẬN BÌNH TÂN
CH0359,THA,4523,HUYỆN LANG CHÁNH
CH0625,TGG,,
BAT,BLU,9610,THÀNH PHỐ BẠC LIÊU
CXN,HTH,4876,HUYỆN CẨM XUYÊN
PUTN,CMU,9736,HUYỆN PHÚ TÂN
HBNDVB,NDH,4242,HUYỆN VỤ BẢN
HBDTCT,DTP,8738,HUYỆN CHÂU THÀNH
HBQBDH,QBH,5110,THÀNH PHỐ ĐỒNG HỚI
HTA,HUE,5353,THỊ XÃ HƯƠNG TRÀ
LTT,NAN,4610,THÀNH PHỐ VINH
D00397,HCM,,
HMIHVT,HNI,1270,QUẬN HOÀNG MAI
VTP,HNI,1200,QUẬN THANH XUÂN
D00138,DNI,,
VHP,HNI,1180,QUẬN BA ĐÌNH
CH0609,LAN,8544,HUYỆN THẠNH HÓA
CH0495,GLI,,
OSTGG,TGG,,
91310,KGG,,
HBBDQN,BDH,5910,THÀNH PHỐ QUI NHƠN
KEP,BGG,2340,HUYỆN LẠNG GIANG
HBQNMD,QNI,5738,HUYỆN MỘ ĐỨC
LTY,QBH,5139,HUYỆN LỆ THỦY
BTY,CTO,9028,QUẬN BÌNH THỦY
HBHMDT,HNM,4023,THỊ XÃ DUY TIÊN
HNVC,HNI,,
HBHNHK,HNI,1100,QUẬN HOÀN KIẾM
CH0476,DLK,6352,HUYỆN KRÔNG NĂNG
CH0291,HTH,4866,HUYỆN VŨ QUANG
CH0433,QNM,,
TNBN,DNI,8110,THÀNH PHỐ BIÊN HÒA
TQGTQN,TQG,,
HBDNNS,DNG,5568,QUẬN NGŨ HÀNH SƠN
HBTNTC,TNH,8419,HUYỆN TÂN CHÂU
KAL,QNH,2068,THÀNH PHỐ MÓNG CÁI
PPU,HCM,7380,HUYỆN BÌNH CHÁNH
HAG,HNI,1510,QUẬN HÀ ĐÔNG
HNITHI,HNI,1533,HUYỆN ĐAN PHƯỢNG
CH0397,KTM,,
NTUG,BDG,8223,THỊ XÃ TÂN UYÊN
CH0452,BDH,5940,HUYỆN VĨNH THẠNH
CH0401,QNI,5710,THÀNH PHỐ QUẢNG NGÃI
CH0710,DTP,,
HBSTTD,STG,9511,HUYỆN TRẦN ĐỀ
HBBDBD,BDG,8239,THÀNH PHỐ THUẬN AN
HBBPPL,BPC,8339,THỊ XÃ PHƯỚC LONG
DLC,DLK,6310,THÀNH PHỐ BUÔN MA THUỘT
HBHCBT,HCM,7620,QUẬN BÌNH TÂN
TNQ,HCM,7600,QUẬN TÂN PHÚ
NHA,HNI,1180,QUẬN BA ĐÌNH
CH0164,PHO,,
CH0485,DLK,,
CH0318,NAN,,
75308,BDG,,
HBGLTL,GLI,,
HBCMTH,CMU,,
HBTNDT,TNN,2553,HUYỆN ĐẠI TỪ
HBLDBM,LDG,6743,HUYỆN BẢO LÂM
DTHG,VLG,8910,THÀNH PHỐ VĨNH LONG
HBBDVC,BDH,5945,HUYỆN VÂN CANH
COT,HCM,7220,QUẬN 3
TMTI,HNI,1529,HUYỆN HOÀI ĐỨC
HBLCLU,LCU,3910,THÀNH PHỐ LAI CHÂU
CH0354,THA,,
CH0601,DNI,,
CH0137,HBH,,
QNHVC,QNH,,
HBHBLT,HBH,3558,HUYỆN LẠC THỦY
NHG,HDG,1761,HUYỆN NINH GIANG
VMU,HNI,1150,QUẬN ĐỐNG ĐA
TCG,HNI,1180,QUẬN BA ĐÌNH
CH0441,QTI,,
57132,KHA,,
HNI028,HNI,1310,HUYỆN GIA LÂM
HBHMPL,HNM,4010,THÀNH PHỐ PHỦ LÝ
HBCMTP,CMU,,
VXN,NDH,4210,THÀNH PHỐ NAM ĐỊNH
HBVPTD,VPC,2836,HUỴÊN TAM ĐẢO
HBHPCH,HPG,1891,HUYỆN ĐẢO CÁT HẢI
CH0097,HCM,7130,QUẬN 2
NNC,HNI,1220,QUẬN CẦU GIẤY
12110,HNI,,
CTTMDT,CNTCT,,
CH0514,KHA,,
CH0345,THA,,
CH0563,BPC,,
HBLCPT,LCU,3915,HUYỆN PHONG THỔ
NTG,KHA,6510,THÀNH PHỐ NHA TRANG
HBHBCP,HBH,3537,HUYỆN CAO PHONG
CH0095,HCM,7330,HUYỆN CỦ CHI
DGI,HNI,1510,QUẬN HÀ ĐÔNG
DPG,HNI,1533,HUYỆN ĐAN PHƯỢNG
HBKGHD,KGG,9216,HUYỆN HÒN ĐẤT
BHAG3,DNI,8110,THÀNH PHỐ BIÊN HÒA
HBVLTO,VLG,8925,HUYỆN TRÀ ÔN
QNH007,QNH,,
OSHUE,HUE,,
PVI,HCM,7270,QUẬN GÒ VẤP
MNMG,LOG,7290,QUẬN 12
KTBGG,BGG,2310,THÀNH PHỐ BẮC GIANG
QNH01,QNH,2010,THÀNH PHỐ HẠ LONG
GCG,TGG,8627,THỊ XÃ GÒ CÔNG
DXA,HNI,1310,HUYỆN GIA LÂM
THD,HNI,1100,QUẬN HOÀN KIẾM
NBH,NBH,4310,THÀNH PHỐ NINH BÌNH
HBBDTA,BDG,8239,THÀNH PHỐ THUẬN AN
OSSTG,STG,,
CH0210,BNH,,
CH0405,QNI,5710,THÀNH PHỐ QUẢNG NGÃI
CH0129,DBN,,
CHNLM,HNI,1250,QUẬN LONG BIÊN
D00336,NTN,6631,HUYỆN NINH SƠN
CHTVCK,TVH,9421,HUYỆN CẦU KÈ
CH0726,KGG,,
PCLA,HNI,1510,QUẬN HÀ ĐÔNG
GGVO,HNI,1180,Quận Ba Đình
MPC,BDG,8231,THỊ XÃ BẾN CÁT
LDGHXH,LDG,6710,THÀNH PHỐ ĐÀ LẠT
QNILSN,QNI,5714,HUYỆN LÝ SƠN
HONM,HPG,1836,QUẬN LÊ CHÂN
HUBVLC,HCM,7380,HUYỆN BÌNH CHÁNH
KVMT03,FFM,5568,QUẬN NGŨ HÀNH SƠN
SAKH,CNTCT,1529,HUYỆN HOÀI ĐỨC
VTPN,HNI,1200,QUẬN THANH XUÂN
STA,DNG,5533,QUẬN SƠN TRÀ
LOGNAN,LOG,4743,HUYỆN HƯNG NGUYÊN
TNP,DNI,8110,THÀNH PHỐ BIÊN HÒA
CDG,HNI,1100,QUẬN HOÀN KIẾM
CH0582,DKG,6410,THÀNH PHỐ GIA NGHĨA
NQN,HPG,1818,QUẬN NGÔ QUYỀN
CH0455,BDH,,
KVMT02,FFM,,
KVMB02,FFM,1510,QUẬN HÀ ĐÔNG
HBQNDL,QNM,5647,HUYỆN ĐẠI LỘC
HBQTVL,QTI,5218,HUYỆN VĨNH LINH
HBBDVT,BDH,5940,HUYỆN VĨNH THẠNH
TUD,VPC,2818,HUYỆN LẬP THẠCH
CH0525,LDG,,
HBHMLN,HNM,4015,HUYỆN LÝ NHÂN
CH0626,TGG,,
HBAGTS,AGG,8846,HUYỆN THOẠI SƠN
CH0197,YBN,,
CH0605,LAN,,
TML,HCM,7130,QUẬN 2
HBHNPX,HNI,1580,HUYỆN PHÚ XUYÊN
PNR,NTN,6610,THÀNH PHỐ PHAN RANG-THÁP CHÀM
TRH,HNI,1220,QUẬN CẦU GIẤY
CH0165,PHO,,
HBHTCL,HTH,4829,HUYỆN CAN LỘC
HBSLVH,SLA,3611,HUYỆN VÂN HỒ
ABI,TBH,4136,HUYỆN QUỲNH PHỤ
THU,HNI,1585,HUYỆN THƯỜNG TÍN
KGG,KGG,9210,THÀNH PHỐ RẠCH GIÁ
BDN,QBH,5140,THỊ XÃ BA ĐỒN
CON,HNI,1280,QUẬN BẮC TỪ LIÊM
D00058,LCU,,
TMO,HNI,1260,QUẬN NAM TỪ LIÊM
HBCTAK,CTO,9010,QUẬN NINH KIỀU
HBSLYC,SLA,3624,HUYỆN YÊN CHÂU
CH0402,QNI,5710,THÀNH PHỐ QUẢNG NGÃI
D00159,CMU,,
HBTNTA,TNH,8422,HUYỆN TÂN BIÊN
HBTHDS,THA,4452,HUYỆN ĐÔNG SƠN
HNI011,HNI,,
TIHA,NAN,4716,THỊ XÃ THÁI HÒA
NBY,HUG,9129,THÀNH PHỐ NGÃ BẢY
HBTHHL,THA,4431,HUYỆN HẬU LỘC
GCT,TGG,8624,HUYỆN GÒ CÔNG TÂY
CTL,HNI,1150,QUẬN ĐỐNG ĐA
HBKGGR,KGG,9238,HUYỆN GIỒNG RIỀNG
HBNDHT,NDH,,
HATH,HCM,7600,QUẬN TÂN PHÚ
HBHNML,HNI,1420,HUYỆN MÊ LINH
TNBC,NTN,6636,HUYỆN THUẬN BẮC
CH0307,NAN,4684,HUYỆN TÂN KỲ
CH0309,NAN,,
HBVLLH,VLG,8913,HUYỆN LONG HỒ
VHA,HNI,1360,HUYỆN ĐÔNG ANH
VLBN,LOG,,
HBNAVH,NAN,4610,THÀNH PHỐ VINH
TBN,HNI,1250,QUẬN LONG BIÊN
CH0442,QTI,,
GHR,BDH,5910,THÀNH PHỐ QUI NHƠN
HBHGYM,HGG,3115,HUYỆN YÊN MINH
CH0103,HCM,,
CH0111,HCM,7560,QUẬN 7
NTA,HCM,7290,QUẬN 12
13207,HNI,,
CH0748,STG,9510,THÀNH PHỐ SÓC TRĂNG
CH0526,LDG,,
HBSLMC,SLA,3628,HUYỆN MỘC CHÂU
HBHDKT,HDG,1731,HUYỆN KIM THÀNH
XPB,HNI,1510,QUẬN HÀ ĐÔNG
TNQG,HGG,3148,HUYỆN BẮC QUANG
CH0713,HUG,,
PTT,HNI,1340,HUYỆN THANH TRÌ
CH0780,HNI,,
HBTHSS,THA,4420,THÀNH PHỐ SẦM SƠN
CH0693,CTO,9010,QUẬN NINH KIỀU
HBBDTM,BDG,8210,THÀNH PHỐ THỦ DẦU MỘT
HGC,HNI,,
HBHNCM,HNI,1561,HUYỆN CHƯƠNG MỸ
D00259,DNI,,
CH0114,HCM,,
DGAN,BDG,8239,THÀNH PHỐ THUẬN AN
HBBDTU,BDG,8223,THỊ XÃ TÂN UYÊN
HQU124,HCM,,
UHA,HNI,1571,HUYỆN ỨNG HÒA
HBDNTB,DNI,8164,HUYỆN TRẢNG BOM
APD,HCM,7290,QUẬN 12
HBTVCG,TVH,9435,HUYỆN CẦU NGANG
KMG,HNI,1200,QUẬN THANH XUÂN
DSHNI,LOG,,
CH0051,LSN,,
CH0790,HNI,,
LNQ,TNN,2510,THÀNH PHỐ THÁI NGUYÊN
HBTGGC,TGG,8627,THỊ XÃ GÒ CÔNG
DXNG,VTU,7910,THÀNH PHỐ VŨNG TÀU
CH0787,HNI,1420,HUYỆN MÊ LINH
DTHCM,CNTCT,7100,QUẬN 1
CH0656,AGG,8837,HUYỆN AN PHÚ
HDDA01,HNI,1150,QUẬN ĐỐNG ĐA
HBHUTA,HUE,5310,THÀNH PHỐ HUẾ
CHAXN,QNM,5610,THÀNH PHỐ TAM KỲ
CH0009,BGG,,
CH0230,HPG,,
LBT,DNI,8110,THÀNH PHỐ BIÊN HÒA
HBSLSC,SLA,3677,HUYỆN SỐP CỘP
CH0777,HNI,1536,HUYỆN PHÚC THỌ
QLI,HNI,1340,HUYỆN THANH TRÌ
OSHNM,HNM,,
CH0578,BTE,,
HBHBTL,HBH,3527,HUYỆN TÂN LẠC
HBBPBM,BPC,8340,HUYỆN BÙ GIA MẬP
CH0805,HNI,1240,QUẬN TÂY HỒ
HND,KGG,9216,HUYỆN HÒN ĐẤT
CH0501,GLI,6021,HUYỆN MANG YANG
CH0641,TNH,8427,THỊ XÃ HÒA THÀNH
CH0523,LDG,6710,THÀNH PHỐ ĐÀ LẠT
CH0415,QNI,5732,HUYỆN BA TƠ
NCO,DKG,6413,HUYỆN ĐẮK RLẤP
CHBPBL,BPC,8329,THỊ XÃ BÌNH LONG
HBDKKN,DKG,6421,HUYỆN KRÔNG NÔ
SNTL,LOG,1260,QUẬN NAM TỪ LIÊM
CH0225,HNM,,
CH0659,AGG,,
CH0517,KHA,,
D00070,HDG,,
CH0039,HGG,,
CH0290,HTH,4856,HUYỆN HƯƠNG SƠN
HUBNTL,HNI,1260,QUẬN NAM TỪ LIÊM
HBHGPH,HUG,9118,HUYỆN PHỤNG HIỆP
HBKHVN,KHA,6535,HUYỆN VẠN NINH
KTM,KTM,5810,THÀNH PHỐ KON TUM
HNIBDH,HNI,,
BXT,LCI,3316,HUYỆN SI MA CAI
NHP,HNI,1310,HUYỆN GIA LÂM
OSBDH,BDH,5910,THÀNH PHỐ QUI NHƠN
CH0518,KHA,,
CH0195,VPC,2836,HUỴÊN TAM ĐẢO
CH0573,BTE,,
ANBH,BDG,8246,THÀNH PHỐ DĨ AN
LSN,LSN,2410,THÀNH PHỐ LẠNG SƠN
GLE,TBH,4121,HUYỆN ĐÔNG HƯNG
THKE,QBH,5110,THÀNH PHỐ ĐỒNG HỚI
NHSN,TNH,8410,THÀNH PHỐ TÂY NINH
HBDBMA,DBN,3848,HUYỆN MƯỜNG ẢNG
QU12,HCM,7290,QUẬN 12
HNI009,HNI,1510,QUẬN HÀ ĐÔNG
CH0229,HPG,1875,QUẬN HẢI AN
CH0624,TGG,8620,HUYỆN CHỢ GẠO
CH0322,NAN,,
CH0701,DTP,8728,HUYỆN LAI VUNG
CHGLCP,GLI,6030,HUYỆN CHƯ PĂH
GLI,GLI,6010,THÀNH PHỐ PLEIKU
HBQBBD,QBH,5140,THỊ XÃ BA ĐỒN
HBHCNB,HCM,7580,HUYỆN NHÀ BÈ
CH0779,HNI,,
NCT,HNI,1150,QUẬN ĐỐNG ĐA
CH0610,LAN,8542,HUYỆN ĐỨC HUỆ
CH0673,BLU,9629,HUYỆN ĐÔNG HẢI
CH0128,DBN,,
CH0038,HGG,,
CHHHA,QNH,2010,THÀNH PHỐ HẠ LONG
HBVTDD,VTU,7946,HUYỆN ĐẤT ĐỎ
CUO,QNI,5718,HUYỆN BÌNH SƠN
PYNSHA,PYN,6224,HUYỆN SƠN HÒA
HBQNMC,QNH,2068,THÀNH PHỐ MÓNG CÁI
BAH,HCM,7620,QUẬN BÌNH TÂN
11711,HNI,,
QGH,HNI,1585,HUYỆN THƯỜNG TÍN
TNLH,HNI,1547,HUYỆN BA VÌ
OSQBH,QBH,5110,THÀNH PHỐ ĐỒNG HỚI
CH0445,QTI,,
CH0344,THA,,
KTDNG,DNG,5510,QUẬN HẢI CHÂU
HBNACG,NAN,4649,HUYỆN QUỲNH LƯU
HBBDDT,BDG,8236,HUYỆN DẦU TIẾNG
HNI,DNI,8110,THÀNH PHỐ BIÊN HÒA
HBSLTC,SLA,3657,HUYỆN THUẬN CHÂU
11625,HNI,,
HBSLQN,SLA,3653,HUYỆN QUỲNH NHAI
TIH,HNI,1150,QUẬN ĐỐNG ĐA
CH0055,LSN,,
CH0167,PHO,,
CH0294,HTH,4829,HUYỆN CAN LỘC
CH0738,KGG,,
CH0279,QNH,,
SPA,LCI,3331,THỊ XÃ SA PA
CH0416,QNI,,
MYT,HPG,1818,QUẬN NGÔ QUYỀN
HBHPTN,HPG,1830,HUYỆN THỦY NGUYÊN
OMN,CTO,9040,QUẬN Ô MÔN
MHH,QBH,5132,HUYỆN MINH HÓA
HHP,HTH,4810,THÀNH PHỐ HÀ TĨNH
HBLCBX,LCI,3325,HUYỆN BÁT XÁT
CHVNL,HCM,7600,QUẬN TÂN PHÚ
KVMB04,FFM,1529,HUYỆN HOÀI ĐỨC
PLT,HNI,1200,QUẬN THANH XUÂN
THO,HNI,1240,QUẬN TÂY HỒ
CH0450,QTI,,
CH0154,LCI,,
CH0628,TGG,8634,HUYỆN CHÂU THÀNH
HBNDYY,NDH,4257,HUYỆN Ý YÊN
TVH01,TVH,9410,THÀNH PHỐ TRÀ VINH
CBH,HDG,1747,HUYỆN CẨM GIÀNG
TYH,THA,4410,THÀNH PHỐ THANH HÓA
HXA,NDH,4210,THÀNH PHỐ NAM ĐỊNH
HN07,HNI,1220,QUẬN CẦU GIẤY
CND,VTU,7943,HUYỆN CÔN ĐẢO
LETT,HNI,1510,Quận Hà Đông
CH0817,HNI,,
HBHCGV,HCM,7270,QUẬN GÒ VẤP
HBHTHT,HTH,4810,THÀNH PHỐ HÀ TĨNH
CH0351,THA,,
TGH,HNI,1200,QUẬN THANH XUÂN
CH0386,HUE,,
CH0192,VPC,,
CH0305,NAN,,
CH0658,AGG,,
CH0180,SLA,,
CH0739,KGG,,
CH0139,HBH,3533,HUYỆN MAI CHÂU
HBHNBD,HNI,1180,QUẬN BA ĐÌNH
YKU,HNI,1510,QUẬN HÀ ĐÔNG
HBBLBL,BLU,9610,THÀNH PHỐ BẠC LIÊU
HBPYTH,PYN,6210,THÀNH PHỐ TUY HÒA
D00007,BTE,,
HBPTHH,PHO,2962,HUYỆN HẠ HÒA
SGT,QNI,5710,THÀNH PHỐ QUẢNG NGÃI
HBLCMT,LCU,3919,HUYỆN MƯỜNG TÈ
CH0745,STG,,
CH0033,HGG,3110,THÀNH PHỐ HÀ GIANG
CH0668,AGG,,
HBQNHL,QNH,2010,THÀNH PHỐ HẠ LONG
85613,VLG,,
QTTG,DNI,8110,THÀNH PHỐ BIÊN HÒA
TIHG,TBH,4128,HUYỆN THÁI THỤY
HBCTCD,CTO,9046,HUYỆN CỜ ĐỎ
HLY,HPG,1810,QUẬN HỒNG BÀNG
THANXN,THA,4551,HUYỆN NHƯ XUÂN
CH0776,HNI,,
HBT,HNI,1120,QUẬN HAI BÀ TRƯNG
K1CTO,LOG,,
CH0612,LAN,,
CH0374,DNG,5557,QUẬN LIÊN CHIỂU
OSQNI,QNI,2010,THÀNH PHỐ HẠ LONG
DKE,BGG,2310,THÀNH PHỐ BẮC GIANG
HBVTLD,VTU,7944,HUYỆN LONG ĐIỀN
HBTNBC,TNH,8429,HUYỆN BẾN CẦU
HBDTTM,DTP,8714,HUYỆN THÁP MƯỜI
BLUG,BLU,9610,THÀNH PHỐ BẠC LIÊU
HBVPVY,VPC,2810,THÀNH PHỐ VĨNH YÊN
HBHT03,HCM,7620,QUẬN BÌNH TÂN
TMTH,HNI,1270,QUẬN HOÀNG MAI
73016,HCM,,
CH0032,HGG,,
CH0357,THA,,
CH0424,QNM,,
BHM,LCI,3334,THÀNH PHỐ LÀO CAI
HBHCQ1,HCM,7100,QUẬN 1
CTE,HPG,1818,QUẬN NGÔ QUYỀN
LKM,HPG,1830,HUYỆN THỦY NGUYÊN
HBQNSH,QNI,5710,THÀNH PHỐ QUẢNG NGÃI
D00410,HCM,,
HBLSLS,LSN,2410,THÀNH PHỐ LẠNG SƠN
HSA,HCM,7250,QUẬN PHÚ NHUẬN
HBHNTC,HNI,1200,QUẬN THANH XUÂN
CH0562,BPC,,
HBHCQ8,HCM,7510,QUẬN 8
SLBN,LOG,1250,QUẬN LONG BIÊN
CH0123,DBN,,
CH0404,QNI,5718,HUYỆN BÌNH SƠN
D00012,BTE,,
HBCBPH,CBG,2779,HUYỆN QUẢNG HÒA
HBDKDL,DKG,6427,HUYỆN ĐẮK GLONG
TKG,BNH,2224,HUYỆN THUẬN THÀNH
HGG,HGG,3110,THÀNH PHỐ HÀ GIANG
HBLDLD,LDG,6727,HUYỆN LẠC DƯƠNG
KNHG,HNI,1510,QUẬN HÀ ĐÔNG
OSDNI,DNI,,
CLY,TGG,8641,HUYỆN CAI LẬY
CH0408,QNI,,
CH0373,DNG,5574,QUẬN CẨM LỆ
EATH,DLK,6352,HUYỆN KRÔNG NĂNG
HBAGLX,AGG,8810,THÀNH PHỐ LONG XUYÊN
TNA,BDG,8239,THÀNH PHỐ THUẬN AN
HBLACG,LAN,8531,HUYỆN CẦN GIUỘC
CH0807,HNI,,
KDAN,BDG,8246,THÀNH PHỐ DĨ AN
GBN,HNI,1250,QUẬN LONG BIÊN
CH0250,HYN,1613,HUYỆN TIÊN LỮ
POMI,LCI,3334,THÀNH PHỐ LÀO CAI
HBBLVL,BLU,9615,HUYỆN VĨNH LỢI
CH0512,KHA,6510,THÀNH PHỐ NHA TRANG
12010,HNI,,
TGS,HCM,7380,HUYỆN BÌNH CHÁNH
HNI010,HNI,1510,QUẬN HÀ ĐÔNG
HBHNTH,HNI,1240,QUẬN TÂY HỒ
CH0182,SLA,3610,THÀNH PHỐ SƠN LA
OSKTM,KTM,5810,THÀNH PHỐ KON TUM
HBBGBG,BGG,2310,THÀNH PHỐ BẮC GIANG
HDN,BLU,9624,HUYỆN HỒNG DÂN
CH0372,DNG,5533,QUẬN SƠN TRÀ
MHA,LAN,8554,THỊ XÃ KIẾN TƯỜNG
HBTNTB,TNH,8433,THỊ XÃ TRẢNG BÀNG
HBKGGT,KGG,9250,HUYÊN GIANG THÀNH
HUBPNN,HCM,7250,QUẬN PHÚ NHUẬN
HBCBTA,CBG,2771,HUYỆN THẠCH AN
CHTNLD,HNI,1270,QUẬN HOÀNG MAI
BHN,HCM,7360,QUẬN TÂN BÌNH
HBHNHM,HNI,1270,QUẬN HOÀNG MAI
CH0218,HDG,1727,HUYỆN THANH HÀ
CH0161,LCU,,
CH0233,HPG,,
KTNBH,NBH,4310,THÀNH PHỐ NINH BÌNH
HBTNVN,TNN,2532,HUYỆN VÕ NHAI
HBBDPC,BDH,5924,HUYỆN PHÙ CÁT
YMY,HYN,1629,HUYỆN YÊN MỸ
HNI020,HNI,1340,HUYỆN THANH TRÌ
HBNDML,NDH,4239,HUYỆN MỸ LỘC
HBBPHQ,BPC,8341,HUYỆN HỚN QUẢN
HKN,DNG,5557,Liên Chiểu
YMYG,HYN,1629,HUYỆN YÊN MỸ
HBSTCD,STG,9538,HUYỆN CÙ LAO DUNG
TGTO,HCM,7621,THÀNH PHỐ THỦ ĐỨC
HBQNTP,QNM,5620,HUYỆN TIÊN PHƯỚC
LNA,LDG,6743,HUYỆN BẢO LÂM
KTM01,KTM,5810,THÀNH PHỐ KON TUM
DATN,HNI,1310,HUYỆN GIA LÂM
KTHTH,HTH,4810,THÀNH PHỐ HÀ TĨNH
11309,HNI,,
TTTGG,TGG,8634,HUYỆN CHÂU THÀNH
OSLCI,LCI,3334,THÀNH PHỐ LÀO CAI
CH0148,LCI,,
CH0224,HNM,4214,HÀNH PHỐ PHỦ LÝ
HBHNTI,HNI,1340,HUYỆN THANH TRÌ
CH0627,TGG,,
DKGG,DKG,6410,THÀNH PHỐ GIA NGHĨA
HTHTPO,HTH,4810,THÀNH PHỐ HÀ TĨNH
HTAB02,HCM,,
MPU,HCM,7560,QUẬN 7
CH0815,HNI,,
TYN,HNI,1220,QUẬN CẦU GIẤY
PUH,BDG,8210,THÀNH PHỐ THỦ DẦU MỘT
HIA,HPG,1875,QUẬN HẢI AN
HBNANN,NAN,4716,THỊ XÃ THÁI HÒA
SLAG,SLA,3610,THÀNH PHỐ SƠN LA
CH0235,HPG,,
CH0728,KGG,9227,HUYỆN AN MINH
CHGLPP,GLI,6010,THÀNH PHỐ PLEIKU
HBVTBR,VTU,7951,THÀNH PHỐ BÀ RỊA
HBSLML,SLA,3647,HUYỆN MƯỜNG LA
HBCMNC,CMU,9739,HUYỆN NĂM CĂN
HBQNDX,QNM,5627,HUYỆN DUY XUYÊN
CH0719,HUG,9130,THỊ XÃ LONG MỸ
CH0223,HNM,,
CH0500,GLI,,
FFMHCM,FFM,7200,QUẬN THỦ ĐỨC
CHPHL,HNI,1270,QUẬN HOÀNG MAI
CH0459,BDH,,
CH0295,HTH,,
TPO3,HTH,4819,HUYỆN THẠCH HÀ
CRH,KHA,6544,THÀNH PHỐ CAM RANH
NKN,HNI,1510,QUẬN HÀ ĐÔNG
HBKGDD,KGG,9222,HUYỆN PHÚ QUỐC
HBNADL,NAN,4714,HUYỆN ĐÔ LƯƠNG
HBTNSC,TNN,2564,THÀNH PHỐ SÔNG CÔNG
TVHCTH,TVH,9410,THÀNH PHỐ TRÀ VINH
XDU,HCM,7360,QUẬN TÂN BÌNH
TNM,DNI,8110,THÀNH PHỐ BIÊN HÒA
CH0718,HUG,,
CH0166,PHO,,
DVCHC,LOG,7290,QUẬN 12
HNHU,DTP,8721,HUYỆN HỒNG NGỰ
CH0771,VLG,,
TTQU12,HCM,7290,QUẬN 12
DNA,HNI,1510,QUẬN HÀ ĐÔNG
CH0353,THA,,
CH0045,LSN,2468,HUYỆN LỘC BÌNH
HNITHA,HNI,1553,HUYỆN THẠCH THẤT
PDH,HCM,7510,QUẬN 8
KTG,HNI,1200,QUẬN THANH XUÂN
HDGTHA,HDG,1727,HUYỆN THANH HÀ
TGLT,HNI,1150,QUẬN ĐỐNG ĐA
TPM,BDG,8210,THÀNH PHỐ THỦ DẦU MỘT
CH0255,NDH,4242,HUYỆN VỤ BẢN
HBHPVB,HPG,1862,HUYỆN VĨNH BẢO
CH0643,VTU,,
CH0674,BLU,,
TGM,HNI,1270,QUẬN HOÀNG MAI
SHG,HUE,5310,THÀNH PHỐ HUẾ
HBBPBL,BPC,8329,THỊ XÃ BÌNH LONG
HHG,HCM,7400,QUẬN 10
CH0296,HTH,,
CH0396,KTM,,
HNI023,HNI,,
HNI017,HNI,,
HBHNTN,HNI,1585,HUYỆN THƯỜNG TÍN
CH0806,HNI,1100,QUẬN HOÀN KIẾM
CH0076,HCM,7380,HUYỆN BÌNH CHÁNH
HBLCSC,LCI,3316,HUYỆN SI MA CAI
HBKTDH,KTM,5822,HUYỆN ĐẮK HÀ
PUXN,HCM,7580,HUYỆN NHÀ BÈ
LLQN,HNI,1220,QUẬN CẦU GIẤY
HBAGTT,AGG,8843,HUYỆN TRI TÔN
CH0241,HPG,,
HBHNLN,HNI,1270,QUẬN HOÀNG MAI
HBCTBT,CTO,9028,QUẬN BÌNH THỦY
SQU12,LOG,7290,QUẬN 12
CH0491,DLK,6363,HUYỆN EA SÚP
CH0486,DLK,,
CH0186,SLA,,
OSDBN,DBN,,
NNT,HNI,1200,QUẬN THANH XUÂN
TTD,LOG,,
HBGLMY,GLI,6021,HUYỆN MANG YANG
CH0177,SLA,,
DIL,QNM,5647,HUYỆN ĐẠI LỘC
HBDNTG,DNI,8110,THÀNH PHỐ BIÊN HÒA
LHY,HCM,7200,QUẬN THỦ ĐỨC
CH0453,BDH,,
80312,TNH,,
SRY,DNI,8161,HUYỆN CẨM MỸ
TNN,TNN,2510,THÀNH PHỐ THÁI NGUYÊN
DGTN,TNN,2568,THỊ XÃ PHỔ YÊN
TTKVN,LOG,1280,QUẬN BẮC TỪ LIÊM
HBHPAL,HPG,1853,HUYỆN AN LÃO
KSB,HNI,1360,HUYỆN ĐÔNG ANH
DPU,BPC,8315,HUYỆN ĐỒNG PHÚ
VTHG,HNI,1250,QUẬN LONG BIÊN
CBGG,CBG,2710,THÀNH PHỐ CAO BẰNG
CHLCHL,LCI,3334,THÀNH PHỐ LÀO CAI
TTO,HCM,7620,QUẬN BÌNH TÂN
OSHUG,HUG,,
KTPDG,HNI,1250,QUẬN LONG BIÊN
BDE,HNI,1250,QUẬN LONG BIÊN
TCO,QTI,5237,THỊ XÃ QUẢNG TRỊ
FMSALE,FFM,,
NTNM,HNI,1120,QUẬN HAI BÀ TRƯNG
HBQBQN,QBH,5136,HUYỆN QUẢNG NINH
LOGQMH,LOG,,
BCH,HCM,7380,HUYỆN BÌNH CHÁNH
CH0634,TNH,,
TNAN,LAN,8510,THÀNH PHỐ TÂN AN
CH0399,KTM,,
HUGVTY,HUG,9122,HUYỆN VỊ THỦY
COL,DTP,8740,HUYỆN CAO LÃNH
HBHCTL,HCM,7290,QUẬN 12
CH0040,HGG,,
TMPU,HCM,7200,QUẬN THỦ ĐỨC
CH0541,NTN,6636,HUYỆN THUẬN BẮC
OSDTP,DTP,8710,THÀNH PHỐ CAO LÃNH
DUT,BDG,8236,HUYỆN DẦU TIẾNG
CH0406,QNI,5710,THÀNH PHỐ QUẢNG NGÃI
HBHPNQ,HPG,1818,QUẬN NGÔ QUYỀN
CH0258,NDH,,
HBPTCK,PHO,2970,HUYỆN CẨM KHÊ
CH0220,HDG,,
GBT,HNI,1270,QUẬN HOÀNG MAI
MLM,BTN,8028,HUYỆN HÀM THUẬN BẮC
OSQNM,QNM,5638,THÀNH PHỐ HỘI AN
CH0260,NDH,,
CH0057,TNN,2510,THÀNH PHỐ THÁI NGUYÊN
CH0385,HUE,,
TTHMN,HCM,7310,HUYỆN HÓC MÔN
CH0772,VLG,,
CH0174,PHO,,
CH0559,BDG,,
HBHNBE,HNI,1250,QUẬN LONG BIÊN
OSAGG,AGG,,
OSBPC,BPC,8310,THÀNH PHỐ ĐỒNG XOÀI
BPCTTH,BPC,8310,THÀNH PHỐ ĐỒNG XOÀI
CH0530,LDG,6733,HUYỆN ĐỨC TRỌNG
LUI,HNI,1180,QUẬN BA ĐÌNH
HBBPCT,BPC,8333,HUYỆN CHƠN THÀNH
CH0002,BGG,2340,HUYỆN LẠNG GIANG
90206,AGG,,
CH0527,LDG,,
PQLTS,CNTCT,,
HBBNYP,BNH,2214,HUYỆN YÊN PHONG
HBHCQ9,HCM,7150,QUẬN 9
CH0678,CMU,,
CUH,TGG,8634,HUYỆN CHÂU THÀNH
HBHBLN,HBH,3517,HUYỆN LƯƠNG SƠN
BLG,BPC,8329,THỊ XÃ BÌNH LONG
HBQNNT,QNM,5623,HUYỆN NÚI THÀNH
CH0087,HCM,7100,QUẬN 1
HBHCTP,HCM,7600,QUẬN TÂN PHÚ
CH0120,HCM,7200,QUẬN THỦ ĐỨC
D00428,HCM,,
TINTH,HNI,1510,QUẬN HÀ ĐÔNG
NBK,HCM,7380,HUYỆN BÌNH CHÁNH
VPCUQ01,VPC,,
K1DNI,FFM,523,
HCMVNC,HCM,7621,THÀNH PHỐ THỦ ĐỨC
KTMKRY,KTM,5818,HUYỆN KON RẪY
HBNBPL,NBH,4326,HUYỆN NHO QUAN
HBHGHG,HGG,3110,THÀNH PHỐ HÀ GIANG
XHI,HCM,,
THGNT,HCM,,
HBGLCH,GLI,,
NNTN,HNI,1200,QUẬN THANH XUÂN
KMB,HNI,,
KTLAN,LAN,8510,THÀNH PHỐ TÂN AN
VTN,BDG,8223,THỊ XÃ TÂN UYÊN
LSNG,LSN,2410,THÀNH PHỐ LẠNG SƠN
HBQNNG,QNM,5660,huyện Nam Giang
KVMN05,FFM,7380,HUYỆN BÌNH CHÁNH
XNKH,HNI,,
XPU,HUE,,
PCHI,VTU,,
HBDBHCC,DBN,,
HBHTLH,HTH,,
HBHUQD,HUE,,
HBHTTH,HTH,,
HBQTTP,QTI,,
PHTN,NTN,,
BULG,DNI,8110,THÀNH PHỐ BIÊN HÒA
TQTY,HCM,7380,HUYỆN BÌNH CHÁNH
HBLSBG,LSN,2445,HUYỆN BÌNH GIA
HBQNDG,QNM,5655,Huyện Đông Giang
CH0025,CBG,,
HBDNCL,DNG,5574,QUẬN CẨM LỆ
CH0282,TBH,,
MBH,AGG,8810,THÀNH PHỐ LONG XUYÊN
QTPU,HCM,7600,QUẬN TÂN PHÚ
MYD,AGG,8828,HUYỆN CHÂU PHÚ
DBNTTH,DBN,3810,THÀNH PHỐ ĐIỆN BIÊN PHỦ
HCM001,HCM,,
3800,HDG,,
VIT,HUG,9110,THÀNH PHỐ VỊ THANH
HIL,QTI,5238,HUYỆN HẢI LĂNG
DTPG,DTP,8710,THÀNH PHỐ CAO LÃNH
DKGTDC,DKG,6430,HUYỆN TUY ĐỨC
LHX,HCM,7200,QUẬN THỦ ĐỨC
TTCVA,LOG,9028,QUẬN BÌNH THỦY
CHLNM,HNI,1270,QUẬN HOÀNG MAI
FFMDNI,FFM,,
HOT,DNG,5510,QUẬN HẢI CHÂU
HBTHQX,THA,4555,HUYỆN QUẢNG XƯƠNG
SHU,CTO,9036,QUẬN CÁI RĂNG
HBCMCM,CMU,9710,THÀNH PHỐ CÀ MAU
HBNDND,NDH,4210,THÀNH PHỐ NAM ĐỊNH
TTKTDC,LOG,,
CH0162,LCU,,
DVSVTU,VTU,,
HBBDPG,BDG,8228,HUYỆN PHÚ GIÁO
CH0118,HCM,,
XTS,HCM,7310,HUYỆN HÓC MÔN
DAHG,HNI,1360,HUYỆN ĐÔNG ANH
HMC,HNM,4023,THỊ XÃ DUY TIÊN
HBYBVY,YBN,3240,HUYỆN VĂN YÊN
CH0064,TNN,,
HBHNVH,HNI,1270,QUẬN HOÀNG MAI
HBHUPV,HUE,5367,HUYỆN PHÚ VANG
OSBKN,BKN,2610,THÀNH PHỐ BẮC KẠN
HBTNTH,TNH,8410,THÀNH PHỐ TÂY NINH
CHKVKL,HNI,1270,QUẬN HOÀNG MAI
DIX,HNI,1580,HUYỆN PHÚ XUYÊN
LGI,BTN,8046,THỊ XÃ LA GI
CH0711,DTP,,
D00208,HNI,,
HHEANH,HUE,,
HBPTLT,PHO,2929,HUYỆN LÂM THAO
CH0101,HCM,7400,QUẬN 10
HBVLTB,VLG,8917,HUYỆN TAM BÌNH
TQGTHA,TQG,3055,HUYỆN HÀM YÊN
CH0310,NAN,,
TNX,HCM,7310,Huyện Hóc Môn
VPCDTH,VPC,2838,HUYỆN SÔNG LÔ
HBHCPL,HCM,7150,QUẬN 9
CH0019,CBG,,
HBHNTG,HNI,1220,QUẬN CẦU GIẤY
BTU,HCM,7170,QUẬN BÌNH THẠNH
25156,LSN,,
HBDNLK,DNI,8132,THÀNH PHỐ LONG KHÁNH
HBLDDH,LDG,6758,HUYỆN ĐẠ HUOAI
71907,HCM,,
VHPG,LOG,,
CH0524,LDG,6710,THÀNH PHỐ ĐÀ LẠT
CH0027,CBG,,
HBHGLM,HUG,9130,THỊ XÃ LONG MỸ
CH0104,HCM,7510,QUẬN 8
CBG01,CBG,2710,THÀNH PHỐ CAO BẰNG
KTLCU,LCU,3910,THÀNH PHỐ LAI CHÂU
HTPU,DNI,8146,HUYỆN TÂN PHÚ
TIKE,QNI,5710,THÀNH PHỐ QUẢNG NGÃI
BHI,HCM,7400,QUẬN 10
HPC,HCM,7580,HUYỆN NHÀ BÈ
DBN01,DBN,3810,THÀNH PHỐ ĐIỆN BIÊN PHỦ
CHPVC,HCM,7270,QUẬN GÒ VẤP
CH0081,HCM,7170,QUẬN BÌNH THẠNH
HBHBYT,HBH,3548,HUYỆN YÊN THỦY
CH0013,BKN,,
HBHCVL,HCM,7380,HUYỆN BÌNH CHÁNH
BUC,HCM,7360,QUẬN TÂN BÌNH
HBHNDP,HNI,1533,HUYỆN ĐAN PHƯỢNG
CH0378,HUE,5310,THÀNH PHỐ HUẾ
CHNTNP,NTN,6633,HUYỆN NINH PHƯỚC
KXG,TBH,4155,HUYỆN KIẾN XƯƠNG
HNI036,HNI,1280,QUẬN BẮC TỪ LIÊM
CTG,TVH,9410,THÀNH PHỐ TRÀ VINH
HUBSKY,HCM,7600,QUẬN TÂN PHÚ
HBTQTQ,TQG,3010,THÀNH PHỐ TUYÊN QUANG
CH0270,QNH,2075,THỊ XÃ QUẢNG YÊN
HIAG,HPG,1875,QUẬN HẢI AN
CH0691,CTO,,
DGK,HPG,1890,QUẬN DƯƠNG KINH
HBPYSH,PYN,6227,HUYỆN SÔNG HINH
HBQBLT,QBH,5139,HUYỆN LỆ THỦY
HBHCTB,HCM,7360,QUẬN TÂN BÌNH
11712,HNI,,
HUEG,HUE,5310,THÀNH PHỐ HUẾ
HBGLKP,GLI,6060,HUYỆN KRÔNG PA
CH0418,QNI,5735,THỊ XÃ ĐỨC PHỔ
VLH,QTI,5218,HUYỆN VĨNH LINH
CH0488,DLK,,
49115,HUE,,
HBLATU,LAN,8521,HUYỆN TÂN TRỤ
HBDTTB,DTP,8724,HUYỆN THANH BÌNH
BXO,DNI,8164,HUYỆN TRẢNG BOM
HBSLSM,SLA,3668,HUYỆN SÔNG MÃ
CH0143,HBH,,
D00134,DNI,,
CH0078,HCM,7380,HUYỆN BÌNH CHÁNH
BDG001,BDG,,
HBVPPY,VPC,2834,THÀNH PHỐ PHÚC YÊN
THT,HCM,7400,QUẬN 10
CH0297,HTH,,
CH0169,PHO,,
TTI,HNI,1340,HUYỆN THANH TRÌ
CH0496,GLI,6064,HUYỆN ĐĂK PƠ
TTKT1,LOG,1280,QUẬN BẮC TỪ LIÊM
HBKHDK,KHA,6537,HUYỆN DIÊN KHÁNH
CH0069,TQG,,
HBBPDT,BPC,8315,đồng phú
HBBDHA,BDH,5936,HUYỆN HOÀI ÂN
HBYBVC,YBN,3247,HUYỆN VĂN CHẤN
HBQTGL,QTI,5214,HUYỆN GIO LINH
YKH,NBH,4345,HUYỆN YÊN KHÁNH
CIK,CTO,9010,QUẬN NINH KIỀU
CH0695,CTO,,
CH0007,BGG,2353,HUYỆN TÂN YÊN
NCN,CMU,9739,HUYỆN NĂM CĂN
BHD,HNI,1120,QUẬN HAI BÀ TRƯNG
CH0633,TGG,8610,THÀNH PHỐ MỸ THO
HBHYPU,HYN,1616,HUYỆN PHÙ CỪ
HBTGGT,TGG,8624,HUYỆN GÒ CÔNG TÂY
20806,HGG,,
PCT,HNI,1100,QUẬN HOÀN KIẾM
KTPYN,PYN,6210,THÀNH PHỐ TUY HÒA
KQG,VPC,2810,THÀNH PHỐ VĨNH YÊN
LVG,DTP,8728,HUYỆN LAI VUNG
HDT,HNI,1220,QUẬN CẦU GIẤY
DVCBN4,LOG,,
HBHNVG,HNI,1250,QUẬN LONG BIÊN
DGTH,HCM,7310,HUYỆN HÓC MÔN
CH0395,KTM,,
DXN,VTU,7910,THÀNH PHỐ VŨNG TÀU
HBBLGR,BLU,9626,THỊ XÃ GIÁ RAI
CH0254,NDH,4210,THÀNH PHỐ NAM ĐỊNH
BHS,LCI,3310,HUYỆN BẮC HÀ
HBQBMH,QBH,5132,HUYỆN MINH HÓA
LHP,NAN,4610,THÀNH PHỐ VINH
FFMVH,FFM,,
PHCN,CNTCT,,
CH0201,YBN,,
HBHNVT,HNI,1120,QUẬN HAI BÀ TRƯNG
CHTCY,HNI,1120,QUẬN HAI BÀ TRƯNG
CH0471,BTN,,
PPCTT,CNTCT,,
QNISTG,STG,,
CH0316,NAN,,
FFMHNI,FFM,,
HBTVDH,TVH,9440,THỊ XÃ DUYÊN HẢI
CH0268,QNH,,
CH0630,TGG,8649,THỊ XÃ CAI LẬY
HBKHNT,KHA,6510,THÀNH PHỐ NHA TRANG
HBSTMX,STG,9530,HUYỆN MỸ XUYÊN
NONAME,CNTCT,,
BTDG,HCM,7621,THÀNH PHỐ THỦ ĐỨC
THDA,HNI,1420,HUYỆN MÊ LINH
HBDNTP,DNI,8146,HUYỆN TÂN PHÚ
BCN,BKN,2610,THÀNH PHỐ BẮC KẠN
HBDLCM,DLK,6343,HUYỆN CƯ M'GAR
HBHCHM,HCM,7310,HUYỆN HÓC MÔN
LLQ,HCM,7430,QUẬN 11
CH0490,DLK,,
D00339,HBH,,
TAN,HNI,1120,QUẬN HAI BÀ TRƯNG
DSBGG,LOG,,
THI,TBH,4162,HUYỆN TIỀN HẢI
CHHUCC,HUG,9125,HUYỆN CHÂU THÀNH A
BAI,BTE,9333,HUYỆN BA TRI
BGT,PHO,2910,THÀNH PHỐ VIỆT TRÌ
CHHACS,HNI,1561,HUYỆN CHƯƠNG MỸ
CHTPU,HNI,1510,QUẬN HÀ ĐÔNG
QU9,HCM,7150,QUẬN 9
HDGG,HDG,1710,THÀNH PHỐ HẢI DƯƠNG
TGTH,HCM,7621,THÀNH PHỐ THỦ ĐỨC
CH0352,THA,4546,HUYỆN NHƯ THANH
TGD,HNI,1120,QUẬN HAI BÀ TRƯNG
CH0001,BGG,,
PNN,HCM,7250,QUẬN PHÚ NHUẬN
HBHUAH,HUE,5310,THÀNH PHỐ HUẾ
KDV,HCM,7620,QUẬN BÌNH TÂN
TTKDK,LOG,,
CH0413,QNI,,
CH0364,THA,,
76232,DNI,,
HBLADE,LAN,8542,HUYỆN ĐỨC HUỆ
CH0793,HNI,,
TEMR,HNI,1270,QUẬN HOÀNG MAI
HBHGQB,HGG,3131,HUYỆN QUẢN BẠ
TNDC,LAN,8537,HUYỆN ĐỨC HÒA
CH0466,BTN,8046,THỊ XÃ LA GI
HBAGTC,AGG,8834,THỊ XÃ TÂN CHÂU
HNI033,HNI,,
CH0267,QNH,2061,HUYỆN BÌNH LIÊU
KHDN,CNTCT,,
CH0431,QNM,5642,THỊ XÃ ĐIỆN BÀN
CH0688,CTO,9046,HUYỆN CỜ ĐỎ
CH0245,HYN,1610,THÀNH PHỐ HƯNG YÊN
HN02,HNI,1260,QUẬN NAM TỪ LIÊM
HBDBDD,DBN,3820,HUYỆN ĐIỆN BIÊN ĐÔNG
CSN,HNM,4010,THÀNH PHỐ PHỦ LÝ
CH0617,LAN,,
CH0751,STG,,
HHNHDH,HNI,1200,QUẬN THANH XUÂN
CRG,DNG,5510,QUẬN HẢI CHÂU
HBKHCL,KHA,6552,HUYỆN CAM LÂM
QTI,QTI,5210,THÀNH PHỐ ĐÔNG HÀ
CH0093,HCM,7290,QUẬN 12
CH0781,HNI,,
HBHNHC,HNI,1529,HUYỆN HOÀI ĐỨC
CH0391,KTM,5810,THÀNH PHỐ KON TUM
CH0619,LAN,8548,HUYỆN MỘC HÓA
HBBTHT,BTN,8040,HUYỆN HÀM TÂN
NHCH,HCM,,
NMHG,HNI,1360,HUYỆN ĐÔNG ANH
CH0106,HCM,7510,QUẬN 8
TTS,HCM,7400,QUẬN 10
HBHGBM,HGG,3112,HUYỆN BẮC MÊ
HUBTAB,HCM,7360,QUẬN TÂN BÌNH
HBQNQN,QNI,5710,THÀNH PHỐ QUẢNG NGÃI
CH0251,HYN,,
CH0350,THA,,
CH0629,TGG,,
HBTNHT,TNH,8427,THỊ XÃ HÒA THÀNH
HBDLLK,DLK,6374,HUYỆN LẮK
TCTN,VTU,7956,THỊ XÃ PHÚ MỸ
HBHPTL,HPG,1856,HUYỆN TIÊN LÃNG
HBKGKH,KGG,9210,THÀNH PHỐ RẠCH GIÁ
HCMTTH,HCM,7600,QUẬN TÂN PHÚ
GLMG,HNI,1310,HUYỆN GIA LÂM
CH0473,BTN,8037,HUYỆN ĐỨC LINH
CH0454,BDH,,
OSNBH,NBH,4310,THÀNH PHỐ NINH BÌNH
LTHTN,GLI,6010,THÀNH PHỐ PLEIKU
TBHG,TBH,4110,THÀNH PHỐ THÁI BÌNH
HBTGMT,TGG,8610,THÀNH PHỐ MỸ THO
HBLATA,LAN,8510,THÀNH PHỐ TÂN AN
TYA,PYN,6210,THÀNH PHỐ TUY HÒA
HBLCNN,LCU,3924,HUYỆN NẬM NHÙN
HBTHTX,THA,4497,HUYỆN THỌ XUÂN
DHA,LAN,8537,HUYỆN ĐỨC HÒA
HBHGCA,HUG,9125,HUYỆN CHÂU THÀNH A
PHCTH,HCM,7330,HUYỆN CỦ CHI
D00011,BTE,,
QAG,QNI,5710,THÀNH PHỐ QUẢNG NGÃI
HBBTBI,BTE,9333,HUYỆN BA TRI
KGCHO,GLI,6057,HUYỆN KÔNG CHRO
HQU202,HCM,,
CH0327,NBH,,
CH0300,HTH,4884,HUYỆN KỲ ANH
CH0529,LDG,,
NPC,NTN,6633,HUYỆN NINH PHƯỚC
QGVH,DNI,8110,THÀNH PHỐ BIÊN HÒA
HBLDDR,LDG,6760,HUYỆN ĐAM RÔNG
HBDTSD,DTP,8731,THÀNH PHỐ SA ĐÉC
DDE,KHA,6510,THÀNH PHỐ NHA TRANG
CHVTCD,VTU,7953,HUYỆN CHÂU ĐỨC
HTHG,HTH,4810,THÀNH PHỐ HÀ TĨNH
CHNVHB,HCM,7270,QUẬN GÒ VẤP
CH0808,HNI,,
HBHNSS,HNI,1390,HUYỆN SÓC SƠN
CH0335,QBH,5136,HUYỆN QUẢNG NINH
CH0423,QNM,,
CH0018,BKN,,
HBQTDK,QTI,5230,HUYỆN ĐA KRÔNG
CHA,HCM,7360,QUẬN TÂN BÌNH
TN6,CNTCT,,
CH0409,QNI,5735,THỊ XÃ ĐỨC PHỔ
